index,UNIQUE_ID,CURRENT_FICO_PRIM,PROP_STATE,PROP_ZIP,UNPAID_BALANCE,INTEREST_RATE,PRINCIPAL_AND_INTEREST,MI_AMT,LOAN_TYPE,LOAN_TERM,ORIGINATION_DATE,REMAINING_TERM,ORIG_HELOC_BALANCE,CURRENT_PROPERTY_VALUE,LTV,PROPERTY_TYPE,CURRENT_OCCUPANCY_TYPE,NUMBER_OF_UNITS
16115,1466690474,720,GA,30622,183000.83,0.0275,755.25,0.0,C,360,06/15/2020,354,0.0,250000,73.2,SFH,OO,1
13355,1466652482,720,OH,44145,223864.87,0.02875,948.03,0.0,C,360,06/01/2020,353,0.0,290000,77.19,SFH,OO,1
42126,1473045985,720,MA,1581,275732.58,0.0225,1823.38,0.0,C,180,10/23/2020,178,0.0,350000,78.78,SFH,OO,1
42986,1473055778,720,NV,89144,407562.33,0.0275,1670.98,85.27,C,360,10/27/2020,358,0.0,491000,83.01,SFH,OO,1
49969,1473141487,720,OH,45805,293855.52,0.0225,1934.05,36.9,C,180,11/16/2020,179,0.0,350000,83.96,SFH,OO,1
4837,1449001237,720,CA,91367,230372.2,0.0375,1087.86,0.0,C,360,01/27/2020,349,0.0,400000,57.59,SFH,OO,1
49332,1473132528,720,CA,91387,276212.13,0.03125,1185.64,0.0,C,360,11/09/2020,359,0.0,371000,74.45,SFH,OO,1
1907,1448928299,720,VT,5201,60229.38,0.04125,492.34,0.0,C,180,03/29/2019,159,0.0,95000,63.4,SFH,OO,1
13654,1466656384,720,CA,91755,267941.4,0.0325,1182.89,0.0,C,360,06/01/2020,353,0.0,700000,38.28,SFH,OO,2
29412,1469112278,720,NJ,8701,165352.83,0.03,701.97,90.19,C,360,09/02/2020,356,0.0,189000,87.49,SFH,OO,1
10885,1463502615,720,CA,94954,294129.07,0.0325,1295.09,0.0,C,360,05/13/2020,353,0.0,640000,45.96,SFH,OO,1
8620,1463466878,720,MI,48103,311637.63,0.045,1596.06,0.0,C,360,04/21/2020,352,0.0,420000,74.2,SFH,OO,1
21448,1466765060,720,CT,6410,239751.71,0.02875,1011.3,0.0,C,360,07/24/2020,353,0.0,341000,70.31,SFH,OO,1
39508,1469235798,720,IN,47304,67012.28,0.02875,280.57,0.0,C,360,10/13/2020,354,0.0,105000,63.82,SFH,OO,1
39686,1469237786,720,MI,48323,455347.94,0.025,2429.6,0.0,C,240,10/15/2020,238,0.0,850000,53.57,SFH,OO,1
28510,1469098089,720,OR,97756,297751.54,0.025,1185.36,0.0,C,360,09/01/2020,356,0.0,430000,69.24,SFH,OO,1
11767,1466628755,720,LA,70570,138391.3,0.02875,978.1,14.29,C,180,05/19/2020,173,0.0,177000,78.19,SFH,OO,1
49299,1473132148,720,NE,68135,281333.96,0.02625,1282.92,0.0,C,300,11/16/2020,299,0.0,380000,74.04,SFH,OO,1
48560,1473123626,720,IL,60089,313535.7,0.025,2150.4,0.0,C,180,11/12/2020,173,0.0,560000,55.99,SFH,OO,1
38011,1469218257,720,FL,32168,238604.37,0.025,946.31,0.0,C,360,10/14/2020,358,0.0,340000,70.18,SFH,OO,1
8740,1463468841,720,PA,19460,169158.68,0.0275,706.26,0.0,C,360,04/27/2020,348,0.0,240000,70.48,SFH,OO,1
1574,1448916377,720,KY,40361,178734.88,0.055,1050.41,229.23,C,360,07/19/2018,331,0.0,195000,91.66,SFH,OO,1
29158,1469105645,720,FL,32526,134209.81,0.0225,516.03,0.0,C,360,09/03/2020,357,0.0,336464,39.89,SFH,OO,1
41602,1469259707,720,NJ,7726,248596.18,0.025,987.8,0.0,C,360,10/21/2020,357,0.0,800000,31.07,SFH,OO,1
8489,1463465011,720,NE,68116,210158.38,0.03125,1216.54,0.0,C,240,04/08/2020,231,0.0,300000,70.05,SFH,OO,1
38251,1469220931,720,KY,40228,132939.37,0.025,900.17,0.0,C,180,10/14/2020,177,0.0,190000,69.97,SFH,OO,1
41616,1469259863,720,TX,78504,205276.86,0.02875,854.68,0.0,C,360,10/21/2020,358,0.0,296000,69.35,SFH,OO,1
22263,1466776877,720,OH,45365,111131.66,0.03375,496.03,0.0,C,360,07/29/2020,355,0.0,155000,71.7,SFH,OO,1
45974,1473092169,720,PA,18109,214654.78,0.0225,1428.08,25.43,C,180,10/30/2020,177,0.0,245000,87.61,SFH,OO,1
49897,1473140653,720,GA,30542,202261.56,0.02875,842.23,0.0,C,360,11/16/2020,358,0.0,360000,56.18,SFH,OO,1
43192,1473058012,720,WA,98198,484000.0,0.0225,3228.91,0.0,C,180,10/28/2020,177,0.0,840000,57.62,SFH,OO,1
28415,1469096885,720,AZ,85379,245187.41,0.0275,1008.76,0.0,C,360,09/01/2020,356,0.0,370000,66.27,SFH,OO,1
1547,1448915668,720,OH,45211,80309.66,0.05375,465.9,0.0,C,360,07/02/2018,331,0.0,130000,61.78,SFH,OO,1
27424,1469082232,720,FL,32825,293225.35,0.02625,1188.89,0.0,C,360,08/26/2020,356,0.0,370000,79.25,SFH,OO,1
43743,1473064358,720,WA,99344,232715.89,0.02875,980.18,0.0,C,360,10/23/2020,351,0.0,315000,73.88,SFH,OO,1
41710,1469260937,720,FL,32174,178305.92,0.0275,975.9,0.0,C,240,10/23/2020,237,0.0,275000,64.84,SFH,OO,1
1134,1440048450,720,ID,83638,137393.07,0.04125,705.17,0.0,C,360,12/26/2017,323,0.0,550000,24.98,SFH,OO,1
4975,1449004975,720,OR,97862,113160.18,0.03,821.79,0.0,C,180,01/30/2020,169,0.0,180000,62.87,SFH,OO,1
32815,1469152894,720,IN,46307,173670.53,0.02625,1192.72,0.0,C,180,09/24/2020,176,0.0,270000,64.32,SFH,OO,1
39019,1469230203,720,TX,77388,226143.72,0.0275,928.21,0.0,C,360,10/15/2020,357,0.0,356000,63.52,SFH,OO,1
16990,1466701412,720,NC,27822,233849.93,0.025,1605.63,0.0,C,180,06/23/2020,174,0.0,301000,77.69,SFH,OO,1
15856,1466687306,720,FL,33173,333584.5,0.035,1968.96,0.0,C,240,06/16/2020,234,0.0,485000,68.78,SFH,OO,1
12011,1466632104,720,KY,40356,126535.69,0.02875,533.14,0.0,C,360,05/20/2020,353,0.0,175000,72.31,SFH,OO,1
9377,1463480986,720,IN,47403,79947.39,0.03375,358.1,0.0,C,360,04/30/2020,352,0.0,142000,56.3,SFH,OO,1
41750,1469261422,720,CT,6482,134495.15,0.025,533.41,0.0,C,360,10/23/2020,358,0.0,305000,44.1,SFH,OO,1
1030,1440046009,720,GA,30076,262817.96,0.0275,2307.31,0.0,C,180,10/31/2017,142,0.0,425000,61.84,SFH,OO,1
25978,1466828272,720,MS,39503,133459.8,0.02625,541.83,31.48,C,360,08/20/2020,355,0.0,150000,88.97,SFH,OO,1
51682,1473170007,720,ID,83709,159226.07,0.0275,653.19,0.0,C,360,11/19/2020,358,0.0,320000,49.76,SFH,OO,1
30639,1469126930,720,VA,23837,292482.65,0.03,1239.52,0.0,C,360,09/15/2020,357,0.0,370000,79.05,SFH,OO,1
16681,1466697578,720,OR,97378,249063.82,0.0275,1030.81,0.0,C,360,06/22/2020,354,0.0,316000,78.82,SFH,OO,1
40892,1469251712,720,NH,3054,196210.11,0.02875,818.38,0.0,C,360,10/20/2020,357,0.0,375000,52.32,SFH,OO,1
3432,1448969707,720,NC,28443,246765.0,0.0375,1169.83,0.0,C,360,10/31/2019,345,0.0,274000,90.06,SFH,OO,1
1918,1448928448,720,FL,33594,89965.74,0.0375,727.22,0.0,C,180,03/29/2019,158,0.0,228000,39.46,SFH,OO,1
18446,1466724851,720,CA,95112,597689.05,0.02875,2501.8,0.0,C,360,07/03/2020,355,0.0,815000,73.34,SFH,OO,1
38867,1469228439,720,MA,1748,597981.88,0.03125,2570.25,0.0,C,360,10/13/2020,358,0.0,820000,72.92,SFH,OO,1
34824,1469178253,720,CA,95376,211803.93,0.025,841.61,0.0,C,360,09/30/2020,357,0.0,520000,40.73,SFH,OO,1
22338,1466777834,720,CA,94510,346839.78,0.0275,1428.84,0.0,C,360,07/29/2020,355,0.0,500000,69.37,SFH,OO,1
11814,1466629357,720,IL,60048,237156.15,0.03125,1028.1,0.0,C,360,05/19/2020,353,0.0,325000,72.97,SFH,OO,1
44213,1473069647,720,FL,32225,179326.86,0.025,711.22,0.0,C,360,10/28/2020,358,0.0,295000,60.79,SFH,OO,1
15854,1466687280,720,AR,72454,149562.43,0.0275,1043.26,106.33,C,180,06/04/2020,174,0.0,159233,93.93,SFH,OO,1
33321,1469160293,720,PA,19031,296567.94,0.02625,1209.9,0.0,C,360,09/25/2020,351,0.0,415000,71.46,SFH,OO,1
8732,1463468759,720,CA,93230,335363.07,0.0325,1479.16,48.15,C,360,04/27/2020,352,0.0,415000,80.81,SFH,OO,1
9312,1463478840,720,OH,44133,159347.12,0.025,1109.54,0.0,C,180,05/01/2020,172,0.0,214500,74.29,SFH,OO,1
45657,1473087417,720,WI,54082,158709.19,0.02625,638.62,0.0,C,360,11/02/2020,359,0.0,305000,52.04,SFH,OO,1
22854,1466784145,720,LA,70001,295404.76,0.02625,1200.94,0.0,C,360,07/29/2020,354,0.0,518000,57.03,SFH,OO,1
34902,1469179095,720,NJ,8080,248284.14,0.02875,1035.57,0.0,C,360,09/29/2020,357,0.0,312000,79.58,SFH,OO,1
7565,1463450203,720,WI,53717,181557.36,0.0325,800.78,0.0,C,360,04/14/2020,352,0.0,230000,78.94,SFH,OO,1
42923,1473055059,720,AR,72701,132731.24,0.02375,520.6,26.79,C,360,10/23/2020,355,0.0,164000,80.93,SFH,OO,1
44471,1473072526,720,MD,21045,162267.76,0.025,1564.23,0.0,C,120,10/27/2020,117,0.0,257000,63.14,SFH,OO,1
32780,1469152480,720,WV,25320,139233.23,0.0325,609.98,0.0,C,360,09/22/2020,356,0.0,189000,73.67,SFH,OO,1
12141,1466633854,720,CA,96103,101432.36,0.025,780.14,0.0,C,180,05/20/2020,156,0.0,290000,34.98,SFH,OO,1
42642,1473051785,720,GA,30024,273912.68,0.025,2620.7,0.0,C,120,10/23/2020,118,0.0,380000,72.08,SFH,OO,1
45825,1473089314,720,WI,53575,129741.49,0.02875,1264.02,0.0,C,120,11/02/2020,117,0.0,600000,21.62,SFH,OO,1
40200,1469243768,720,AL,35756,174609.57,0.025,692.51,0.0,C,360,10/20/2020,358,0.0,264000,66.14,SFH,OO,1
11334,1463508620,720,CA,94558,145832.87,0.03,1628.64,0.0,C,120,04/30/2020,111,0.0,675000,21.6,SFH,OO,1
10594,1463498749,720,AL,35759,117715.6,0.0275,825.18,0.0,C,180,05/11/2020,173,0.0,195000,60.37,SFH,OO,1
38184,1469220147,720,GA,30307,498169.0,0.02625,2008.25,0.0,C,360,10/08/2020,358,0.0,775000,64.28,SFH,OO,1
30563,1469125601,720,CA,94124,476474.78,0.02875,1987.33,0.0,C,360,09/14/2020,357,0.0,800000,59.56,SFH,OO,1
39273,1469233132,720,OH,44107,249355.59,0.02875,1171.68,0.0,C,300,10/14/2020,298,0.0,375000,66.49,SFH,OO,1
3812,1448977767,720,VA,22310,369968.38,0.0375,1748.26,0.0,C,360,11/25/2019,347,0.0,775000,47.74,SFH,OO,1
255,1440017026,720,DE,19971,215579.64,0.025,1933.69,0.0,C,180,07/25/2016,127,0.0,420000,51.33,SFH,OO,1
39907,1469240368,720,DC,20011,457471.78,0.0275,1875.87,0.0,C,360,10/19/2020,358,0.0,630000,72.61,SFH,OO,1
12274,1466636055,720,CA,91765,366094.14,0.02625,2556.22,0.0,C,180,04/30/2020,172,0.0,630000,58.11,SFH,OO,1
48867,1473127098,720,CA,92020,238453.58,0.025,944.34,0.0,C,360,11/12/2020,359,0.0,475000,50.2,SFH,OO,1
39217,1469232423,720,MA,1867,391831.6,0.025,1566.65,0.0,C,360,10/16/2020,355,0.0,675000,58.05,SFH,OO,1
16938,1466700752,720,GA,31833,129188.73,0.0275,533.16,0.0,C,360,06/23/2020,354,0.0,180000,71.77,SFH,OO,1
39083,1469230955,720,ND,58801,239057.85,0.02875,995.33,0.0,C,360,10/16/2020,358,0.0,310000,77.12,SFH,OO,1
45885,1473091104,720,NH,3222,260528.77,0.025,1035.22,0.0,C,360,10/30/2020,358,0.0,420000,62.03,SFH,OO,1
881,1440042040,720,IN,46151,102607.82,0.03125,479.78,0.0,C,360,01/19/2017,313,0.0,225000,45.6,SFH,OO,1
12017,1466632187,720,VA,22556,365708.01,0.0325,1610.26,0.0,C,360,05/21/2020,353,0.0,535000,68.36,SFH,OO,1
50548,1473148201,720,VA,20147,311353.21,0.02875,1294.05,0.0,C,360,11/16/2020,359,0.0,515000,60.46,SFH,OO,1
44055,1473067898,720,MN,55313,241451.76,0.02625,1302.51,0.0,C,240,10/28/2020,238,0.0,450000,53.66,SFH,OO,1
40974,1469252603,720,GA,30041,348745.05,0.0275,1428.84,0.0,C,360,10/20/2020,358,0.0,600000,58.12,SFH,OO,1
35264,1469183154,720,FL,34222,214787.1,0.025,853.46,0.0,C,360,10/01/2020,357,0.0,270000,79.55,SFH,OO,1
28042,1469089559,720,NC,27215,134049.94,0.02875,560.1,0.0,C,360,08/28/2020,356,0.0,181000,74.06,SFH,OO,1
27906,1469087983,720,NJ,8108,201210.93,0.02875,842.23,0.0,C,360,08/31/2020,355,0.0,330000,60.97,SFH,OO,1
6521,1463432656,720,CA,92881,418909.58,0.035,1908.44,0.0,C,360,03/31/2020,351,0.0,615000,68.12,SFH,OO,1
47819,1473115192,720,UT,84721,163700.33,0.0275,669.49,0.0,C,360,11/09/2020,359,0.0,250000,65.48,SFH,OO,1
48721,1473125456,720,CA,94954,482141.28,0.02875,2003.88,0.0,C,360,11/12/2020,359,0.0,750000,64.29,SFH,OO,1
9458,1463482131,720,OR,97123,240224.29,0.02875,1353.76,0.0,C,240,04/30/2020,232,0.0,445000,53.98,SFH,OO,1
17372,1466708722,720,VA,23220,302666.32,0.03,1289.41,0.0,C,360,06/26/2020,354,0.0,440000,68.79,SFH,OO,1
1125,1440048294,720,ID,83706,91404.29,0.0375,821.76,0.0,C,180,12/26/2017,144,0.0,200000,45.7,SFH,OO,1
2665,1448952109,720,MI,48060,114496.63,0.04375,751.11,0.0,C,240,08/30/2019,224,0.0,150000,76.33,SFH,OO,1
11564,1463512168,720,CT,6250,103576.26,0.03125,449.79,0.0,C,360,05/18/2020,352,0.0,230000,45.03,SFH,OO,1
25885,1466827167,720,VA,23060,397471.52,0.025,1800.48,63.55,C,300,08/20/2020,296,0.0,463782,85.7,SFH,OO,1
5888,1463422855,720,MN,55068,247990.86,0.0325,1102.81,0.0,C,360,03/25/2020,351,0.0,325000,76.3,SFH,OO,1
51407,1473159596,720,DE,19810,151703.99,0.0225,581.01,0.0,C,360,11/18/2020,359,0.0,210000,72.24,SFH,OO,1
10963,1463503696,720,CA,91766,301588.35,0.03625,1390.66,0.0,C,360,05/14/2020,353,0.0,410000,73.56,SFH,OO,1
16778,1466698782,720,MA,2360,380486.7,0.02625,2631.56,0.0,C,180,06/22/2020,174,0.0,655000,58.09,SFH,OO,1
50069,1473142667,720,NC,28539,97641.23,0.02625,525.04,0.0,C,240,11/16/2020,239,0.0,140000,69.74,SFH,OO,1
47317,1473107132,720,MI,49876,81176.32,0.025,547.43,11.63,C,180,11/06/2020,178,0.0,96000,84.56,SFH,OO,1
41596,1469259624,720,TX,75094,318089.99,0.02625,1285.28,0.0,C,360,10/21/2020,357,0.0,400000,79.52,SFH,OO,1
11508,1463511384,720,VA,22079,568184.92,0.0325,2811.81,0.0,C,300,05/18/2020,293,0.0,770000,73.79,SFH,OO,1
44830,1473076659,720,NC,27856,345765.73,0.0225,2289.11,0.0,C,180,10/26/2020,178,0.0,500000,69.15,SFH,OO,1
46697,1473100210,720,AZ,85297,405318.09,0.03125,1739.2,0.0,C,360,11/04/2020,359,0.0,535000,75.76,SFH,OO,1
3079,1448962074,720,FL,33707,150881.4,0.0325,672.39,0.0,C,360,10/16/2019,346,0.0,248000,60.84,SFH,OO,1
19535,1466738539,720,VA,23103,45385.61,0.02375,787.52,0.0,C,180,07/13/2020,61,0.0,500000,9.08,SFH,OO,1
22060,1466774450,720,DC,20011,355794.27,0.025,2440.45,0.0,C,180,07/28/2020,175,0.0,750000,47.44,SFH,OO,1
27996,1469088999,720,GA,30004,337408.64,0.02875,1409.8,172.73,C,360,08/27/2020,356,0.0,362000,93.21,SFH,OO,1
4957,1449004652,720,TN,37363,149719.19,0.0375,791.76,0.0,C,300,01/31/2020,289,0.0,200000,74.86,SFH,OO,1
9974,1463488955,720,TX,78641,370997.48,0.03125,1614.12,0.0,C,360,05/04/2020,352,0.0,510000,72.74,SFH,OO,1
34735,1469177263,720,VA,22203,431562.98,0.025,1714.82,0.0,C,360,10/01/2020,357,0.0,825000,52.31,SFH,OO,1
51111,1473155156,720,MS,39475,275551.33,0.03,1163.73,89.71,C,360,11/18/2020,359,0.0,320000,86.11,SFH,OO,1
40902,1469251829,720,WA,98346,283742.99,0.03375,1258.47,0.0,C,360,10/19/2020,358,0.0,449000,63.19,SFH,OO,1
31180,1469133191,720,WA,98682,361061.1,0.025,1434.68,0.0,C,360,09/16/2020,357,0.0,485000,74.45,SFH,OO,1
39720,1469238172,720,FL,34951,125156.01,0.02375,842.26,0.0,C,180,10/13/2020,177,0.0,200000,62.58,SFH,OO,1
3849,1448978385,720,UT,84720,115811.07,0.035,535.71,0.0,C,360,11/25/2019,339,0.0,525000,22.06,SFH,OO,1
21719,1466768502,720,FL,34997,174122.79,0.02875,728.84,0.0,C,360,07/27/2020,355,0.0,457000,38.1,SFH,OO,1
43018,1473056115,720,AL,35242,411404.11,0.025,1639.75,0.0,C,360,10/26/2020,355,0.0,658000,62.52,SFH,OO,1
45502,1473085650,720,WA,98408,234950.85,0.02625,948.9,0.0,C,360,11/02/2020,357,0.0,315000,74.59,SFH,OO,1
24756,1466812532,720,VA,22551,417575.77,0.02875,2320.12,0.0,C,240,08/12/2020,236,0.0,575793,72.52,SFH,OO,1
18303,1466720347,720,TX,78753,207914.86,0.0325,913.93,0.0,C,360,06/30/2020,354,0.0,370000,56.19,SFH,OO,1
50135,1473143426,720,NC,28270,173369.27,0.02875,726.06,0.0,C,360,11/16/2020,359,0.0,235000,73.77,SFH,OO,1
25814,1466826409,720,SC,29323,201540.91,0.0275,828.73,0.0,C,360,08/18/2020,356,0.0,300000,67.18,SFH,OO,1
39656,1469237463,720,CO,80620,186483.08,0.0325,814.27,0.0,C,360,10/15/2020,358,0.0,300000,62.16,SFH,OO,1
18605,1466726815,720,CT,6084,151414.82,0.03,645.05,0.0,C,360,07/02/2020,354,0.0,205000,73.86,SFH,OO,1
10300,1463493542,720,MA,1749,154228.68,0.03375,689.67,0.0,C,360,05/06/2020,353,0.0,239000,64.53,SFH,OO,1
45414,1473084687,720,KY,40207,236919.63,0.02625,1601.0,0.0,C,180,11/02/2020,179,0.0,550000,43.08,SFH,OO,1
31685,1469140162,720,CA,92563,381398.78,0.02375,2564.37,0.0,C,180,09/18/2020,177,0.0,505000,75.52,SFH,OO,1
871,1440041521,720,CA,93010,227431.22,0.04,1599.79,0.0,C,240,01/31/2017,193,0.0,410000,55.47,SFH,OO,1
1872,1448926756,720,TN,38258,78604.37,0.05125,441.03,0.0,C,360,03/15/2019,336,0.0,155000,50.71,SFH,OO,1
1730,1448920304,720,MI,48054,116911.98,0.0475,632.5,100.03,C,360,10/30/2018,333,0.0,135000,86.6,SFH,OO,1
31037,1469131500,720,IL,60185,122222.87,0.02375,1171.28,0.0,C,120,09/17/2020,117,0.0,190000,64.33,SFH,OO,1
33664,1469164295,720,IL,60565,212695.03,0.03125,915.76,0.0,C,360,09/28/2020,357,0.0,490000,43.41,SFH,OO,1
44818,1473076519,720,NC,27587,267472.67,0.0225,1768.73,0.0,C,180,10/27/2020,178,0.0,360000,74.3,SFH,OO,1
21228,1466762224,720,CO,81504,222938.98,0.0275,1228.01,0.0,C,240,07/22/2020,235,0.0,301000,74.07,SFH,OO,1
34914,1469179210,720,VA,22315,590327.0,0.02375,3975.44,0.0,C,180,09/30/2020,176,0.0,900000,65.59,SFH,OO,1
32541,1469149833,720,GA,30501,231082.19,0.03,979.31,0.0,C,360,09/23/2020,357,0.0,392000,58.95,SFH,OO,1
2097,1448935369,720,IN,46805,67909.28,0.04375,557.59,0.0,C,180,06/12/2019,162,0.0,98000,69.3,SFH,OO,1
39759,1469238644,720,CA,93041,350760.39,0.025,2387.45,0.0,C,180,10/19/2020,174,0.0,700000,50.11,SFH,OO,1
28932,1469102998,720,TX,76108,98584.99,0.02375,671.17,0.0,C,180,09/04/2020,176,0.0,180000,54.77,SFH,OO,1
7412,1463447928,720,PA,18017,113145.19,0.03,486.32,0.0,C,360,04/09/2020,349,0.0,152000,74.44,SFH,OO,1
1330,1440053211,720,MI,49220,109183.73,0.05375,649.57,0.0,C,360,04/02/2018,328,0.0,145000,75.3,SFH,OO,1
3523,1448971315,720,MN,56379,145980.33,0.03,1077.31,0.0,C,180,11/04/2019,167,0.0,195000,74.86,SFH,OO,1
18086,1466717533,720,AZ,85295,201191.1,0.03875,954.58,0.0,C,360,06/29/2020,354,0.0,290000,69.38,SFH,OO,1
37923,1469217150,720,GA,30032,183354.09,0.02875,763.4,0.0,C,360,10/13/2020,358,0.0,230000,79.72,SFH,OO,1
42029,1473044889,720,CO,80108,343621.41,0.0275,1408.43,0.0,C,360,10/26/2020,358,0.0,650000,52.86,SFH,OO,1
51175,1473156006,720,DC,20011,513018.13,0.03,2166.62,98.5,C,360,11/18/2020,359,0.0,571000,89.85,SFH,OO,1
20626,1466754593,720,MD,21550,233391.39,0.0225,1565.65,0.0,C,180,07/20/2020,175,0.0,500000,46.68,SFH,OO,1
20330,1466751037,720,AR,72908,197790.87,0.02625,1361.56,0.0,C,180,07/17/2020,175,0.0,320000,61.81,SFH,OO,1
36527,1469199093,720,NC,28079,159549.02,0.025,633.97,0.0,C,360,10/06/2020,357,0.0,242000,65.93,SFH,OO,1
15974,1466688734,720,CA,95018,566039.43,0.0275,2337.18,0.0,C,360,06/18/2020,355,0.0,850000,66.59,SFH,OO,1
8967,1463473908,720,KS,66224,429788.2,0.03,1878.25,0.0,C,360,04/28/2020,338,0.0,930000,46.21,SFH,OO,1
38569,1469225138,720,OH,43021,213840.95,0.0225,822.21,26.89,C,360,10/16/2020,357,0.0,254000,84.19,SFH,OO,1
49022,1473128898,720,WA,98074,451924.27,0.0275,1848.25,0.0,C,360,11/16/2020,359,0.0,570000,79.28,SFH,OO,1
15719,1466685458,720,NC,27045,111705.34,0.03125,483.42,0.0,C,360,06/15/2020,354,0.0,190000,58.79,SFH,OO,1
50676,1473149662,720,IL,61065,87848.99,0.03,371.01,0.0,C,360,11/19/2020,359,0.0,120000,73.21,SFH,OO,1
26045,1469064933,720,NC,28216,246897.75,0.02625,1691.67,0.0,C,180,08/20/2020,176,0.0,495000,49.88,SFH,OO,1
20525,1466753413,720,MA,1057,126400.5,0.03,537.55,0.0,C,360,07/20/2020,355,0.0,290000,43.59,SFH,OO,1
28239,1469091951,720,AZ,85041,219376.87,0.02625,887.64,0.0,C,360,08/31/2020,356,0.0,339900,64.54,SFH,OO,1
18584,1466726534,720,TX,75071,309305.61,0.02875,1295.5,0.0,C,360,07/03/2020,355,0.0,425000,72.78,SFH,OO,1
3537,1448972826,720,FL,33710,121526.06,0.0375,574.26,0.0,C,360,11/07/2019,347,0.0,252000,48.22,SFH,OO,1
48519,1473123121,720,MN,55125,307152.95,0.02875,1278.88,0.0,C,360,11/12/2020,358,0.0,450000,68.26,SFH,OO,1
13522,1466654686,720,HI,96744,307851.43,0.0275,2158.02,0.0,C,180,06/03/2020,173,0.0,1050000,29.32,SFH,OO,1
38007,1469218208,720,CT,6907,310815.76,0.025,1244.63,0.0,C,360,10/13/2020,352,0.0,485000,64.09,SFH,OO,1
32504,1469149445,720,FL,32608,328146.95,0.025,1303.9,0.0,C,360,09/23/2020,357,0.0,435000,75.44,SFH,OO,1
32861,1469153421,720,SC,29466,499684.23,0.02625,2018.29,0.0,C,360,09/22/2020,357,0.0,750000,66.62,SFH,OO,1
9244,1463478006,720,WA,98367,205189.37,0.025,1423.82,0.0,C,180,04/27/2020,172,0.0,488000,42.05,SFH,OO,1
7492,1463449098,720,CA,92501,272413.32,0.03375,1220.19,0.0,C,360,04/13/2020,352,0.0,345000,78.96,SFH,OO,1
6495,1463432227,720,VA,22911,202287.69,0.03375,915.14,0.0,C,360,03/30/2020,347,0.0,340000,59.5,SFH,OO,1
2513,1448947455,720,AZ,85044,169841.53,0.04375,867.2,0.0,C,360,08/19/2019,344,0.0,256000,66.34,SFH,OO,1
42641,1473051777,720,OK,73159,117611.31,0.0225,1120.45,11.03,C,120,10/26/2020,117,0.0,148000,79.47,SFH,OO,1
2887,1448956894,720,SC,29115,160669.47,0.03875,773.54,60.32,C,360,09/26/2019,346,0.0,195000,82.39,SFH,OO,1
44367,1473071361,720,NC,28031,300694.81,0.02625,1212.18,0.0,C,360,10/28/2020,358,0.0,450000,66.82,SFH,OO,1
45360,1473084059,720,PA,16327,72666.5,0.02875,341.45,0.0,C,300,10/29/2020,298,0.0,105000,69.21,SFH,OO,1
48284,1473120440,720,GA,30567,269526.66,0.02875,1120.21,0.0,C,360,11/05/2020,359,0.0,294000,91.68,SFH,OO,1
48209,1473119574,720,MI,48313,177687.95,0.02875,738.51,0.0,C,360,11/09/2020,359,0.0,240000,74.04,SFH,OO,1
18244,1466719570,720,MD,20744,350240.13,0.025,2401.77,0.0,C,180,06/30/2020,174,0.0,630000,55.59,SFH,OO,1
13438,1466653589,720,GA,30075,172024.28,0.03375,769.25,0.0,C,360,06/01/2020,353,0.0,310000,55.49,SFH,OO,1
35377,1469184335,720,NV,89503,174017.32,0.025,691.46,0.0,C,360,09/30/2020,357,0.0,350000,49.72,SFH,OO,1
32150,1469145351,720,AZ,85339,201794.87,0.025,802.1,0.0,C,360,09/22/2020,357,0.0,340000,59.35,SFH,OO,1
2830,1448955995,720,MA,1863,114719.57,0.03625,937.35,0.0,C,180,09/18/2019,163,0.0,475000,24.15,SFH,OO,1
47482,1473111357,720,NC,28570,145689.8,0.0225,559.07,0.0,C,360,11/05/2020,358,0.0,550000,26.49,SFH,OO,1
25106,1466816913,720,MI,49031,278724.61,0.02375,1877.02,26.03,C,180,08/14/2020,176,0.0,340000,81.98,SFH,OO,1
37622,1469212649,720,IN,46011,118245.74,0.0225,621.37,0.0,C,240,10/13/2020,237,0.0,150000,78.83,SFH,OO,1
11189,1463506632,720,AL,35768,124853.53,0.0275,517.17,0.0,C,360,05/15/2020,352,0.0,429900,29.04,SFH,OO,1
6757,1463436376,720,TX,79015,173624.03,0.0325,1020.95,0.0,C,240,03/30/2020,231,0.0,310000,56.01,SFH,OO,1
20250,1466750054,720,FL,33014,122122.68,0.025,833.49,0.0,C,180,07/13/2020,175,0.0,260000,46.97,SFH,OO,1
49167,1473130621,720,CA,94928,115737.45,0.0225,601.28,0.0,C,240,11/16/2020,239,0.0,450000,25.72,SFH,OO,1
260,1440017349,720,WA,98685,245202.1,0.03625,1226.62,0.0,C,360,07/26/2016,200,0.0,420000,58.38,SFH,OO,1
28555,1469098709,720,GA,30309,175308.38,0.02875,1216.51,0.0,C,180,09/02/2020,177,0.0,285000,61.51,SFH,OO,1
33836,1469166217,720,TN,37069,321279.12,0.03,1367.51,0.0,C,360,09/28/2020,354,0.0,425000,75.6,SFH,OO,1
33851,1469166365,720,PA,18914,330830.64,0.02375,2217.39,0.0,C,180,09/28/2020,177,0.0,650000,50.9,SFH,OO,1
14600,1466671805,720,MD,20653,246768.36,0.02375,1701.7,0.0,C,180,06/09/2020,173,0.0,349000,70.71,SFH,OO,1
20635,1466754742,720,AZ,85395,94031.94,0.0325,413.34,0.0,C,360,07/20/2020,354,0.0,364000,25.83,SFH,OO,1
37661,1469213068,720,AZ,85323,203697.6,0.03,861.76,0.0,C,360,10/13/2020,358,0.0,283000,71.98,SFH,OO,1
2050,1448934438,720,LA,70360,74899.8,0.03875,495.12,0.0,C,240,06/07/2019,220,0.0,148000,50.61,SFH,OO,1
19858,1466745229,720,AZ,86324,311799.3,0.02625,2152.61,0.0,C,180,07/15/2020,175,0.0,435000,71.68,SFH,OO,1
26358,1469068561,720,LA,71232,128109.77,0.0225,1244.32,0.0,C,120,08/21/2020,116,0.0,167000,76.71,SFH,OO,1
45390,1473084414,720,OH,45011,194088.21,0.0225,1277.42,0.0,C,180,11/02/2020,179,0.0,325000,59.72,SFH,OO,1
31958,1469143240,720,CA,95023,382557.55,0.03125,1647.1,0.0,C,360,09/21/2020,357,0.0,1180000,32.42,SFH,OO,1
46946,1473103008,720,CA,95948,339502.18,0.02625,1368.62,0.0,C,360,11/04/2020,358,0.0,455000,74.62,SFH,OO,1
45480,1473085437,720,PA,17053,151047.39,0.0275,824.09,0.0,C,240,10/28/2020,238,0.0,190000,79.5,SFH,OO,1
6143,1463426724,720,FL,32163,286075.39,0.0299,1267.41,0.0,C,360,03/26/2020,333,0.0,600000,47.68,SFH,OO,1
39829,1469239451,720,FL,32814,307915.28,0.02875,1282.02,0.0,C,360,10/15/2020,358,0.0,650000,47.37,SFH,OO,1
22956,1466785415,720,MN,55330,132350.7,0.02375,895.55,0.0,C,180,07/31/2020,175,0.0,325000,40.72,SFH,OO,1
47732,1473114229,720,OH,44721,220622.55,0.02875,916.95,68.14,C,360,11/09/2020,359,0.0,250000,88.25,SFH,OO,1
28984,1469103566,720,WV,26003,158457.36,0.025,717.79,0.0,C,300,09/02/2020,296,0.0,214000,74.05,SFH,OO,1
6348,1463429959,720,NV,89801,179293.0,0.02625,1257.93,0.0,C,180,03/30/2020,171,0.0,300000,59.76,SFH,OO,1
31940,1469142994,720,CA,92677,506713.11,0.025,2289.74,0.0,C,300,09/21/2020,297,0.0,740000,68.47,SFH,OO,1
29399,1469112120,720,FL,33876,137264.24,0.0275,564.43,0.0,C,360,09/08/2020,356,0.0,174000,78.89,SFH,OO,1
40554,1469247827,720,FL,32092,284670.18,0.0225,1882.45,0.0,C,180,10/21/2020,178,0.0,421000,67.62,SFH,OO,1
42996,1473055885,720,VA,22624,245058.15,0.0275,1004.03,0.0,C,360,10/26/2020,358,0.0,365000,67.14,SFH,OO,1
6792,1463436871,720,IL,60423,194979.44,0.02375,1345.16,0.0,C,180,03/31/2020,171,0.0,250000,77.99,SFH,OO,1
27953,1469088494,720,WA,98372,195133.15,0.0225,1310.17,0.0,C,180,08/31/2020,175,0.0,520000,37.53,SFH,OO,1
37257,1469208423,720,MA,2148,331425.37,0.0275,1357.88,0.0,C,360,10/06/2020,358,0.0,700000,47.35,SFH,OO,1
18572,1466726369,720,MN,55343,60111.46,0.0275,464.18,0.0,C,180,07/01/2020,154,0.0,172000,34.95,SFH,OO,1
14897,1466675368,720,AL,35080,170352.37,0.0325,755.52,0.0,C,360,06/10/2020,354,0.0,217000,78.5,SFH,OO,1
20522,1466753371,720,TX,78250,195931.89,0.03125,846.47,59.28,C,360,07/20/2020,355,0.0,208000,94.2,SFH,OO,1
172,1440013199,720,UT,84094,68745.98,0.03,1185.28,0.0,C,120,06/17/2016,66,0.0,260000,26.44,SFH,OO,1
11083,1463505279,720,NV,89032,192689.39,0.03125,835.33,0.0,C,360,05/11/2020,353,0.0,260000,74.11,SFH,OO,1
41361,1469256919,720,NJ,7860,242368.1,0.0275,1000.19,0.0,C,360,10/22/2020,354,0.0,327000,74.12,SFH,OO,1
41743,1469261356,720,CA,92507,235519.53,0.03375,1044.67,0.0,C,360,10/19/2020,358,0.0,350000,67.29,SFH,OO,1
9690,1463485340,720,MN,55075,172794.41,0.03875,822.91,0.0,C,360,04/30/2020,352,0.0,250000,69.12,SFH,OO,1
45907,1473091393,720,MD,21811,261597.95,0.03,1106.71,0.0,C,360,10/29/2020,358,0.0,350000,74.74,SFH,OO,1
3090,1448962280,720,LA,70520,156164.33,0.03625,963.67,12.33,C,240,10/17/2019,225,0.0,195000,80.08,SFH,OO,1
16861,1466699822,720,CA,93551,442143.21,0.0275,1824.86,0.0,C,360,06/23/2020,355,0.0,599000,73.81,SFH,OO,1
27359,1469081481,720,UT,84062,318672.92,0.0275,1310.37,0.0,C,360,08/27/2020,356,0.0,430000,74.11,SFH,OO,1
22021,1466774005,720,AR,72160,251945.76,0.03375,1122.92,0.0,C,360,07/28/2020,355,0.0,340000,74.1,SFH,OO,1
40104,1469242612,720,WA,98029,550069.59,0.02375,3701.16,0.0,C,180,10/14/2020,176,0.0,1025000,53.67,SFH,OO,1
11706,1463513976,720,MT,59501,237650.26,0.03125,1030.24,0.0,C,360,05/18/2020,353,0.0,430000,55.27,SFH,OO,1
37432,1469210502,720,LA,70001,209661.42,0.02875,872.93,0.0,C,360,10/09/2020,358,0.0,263000,79.72,SFH,OO,1
27199,1469079584,720,CO,80911,299328.87,0.02375,2015.81,0.0,C,180,08/27/2020,176,0.0,403000,74.28,SFH,OO,1
40672,1469249187,720,FL,33076,406750.9,0.02625,1642.75,0.0,C,360,10/22/2020,357,0.0,550000,73.95,SFH,OO,1
22222,1466776398,720,WV,25401,147482.67,0.0225,994.16,0.0,C,180,07/27/2020,174,0.0,190000,77.62,SFH,OO,1
13266,1466651310,720,WA,98043,368688.51,0.03375,1668.91,0.0,C,360,05/28/2020,349,0.0,510000,72.29,SFH,OO,1
11752,1465481537,720,TX,75052,112667.58,0.03625,908.51,0.0,C,180,06/05/2019,161,0.0,250000,45.07,SFH,OO,1
49470,1473135844,720,FL,34145,232591.53,0.02875,966.7,0.0,C,360,11/16/2020,359,0.0,1200000,19.38,SFH,OO,1
47693,1473113775,720,MI,49686,248055.0,0.0275,1014.48,0.0,C,360,11/09/2020,359,0.0,314000,79.0,SFH,OO,1
282,1440017976,720,NJ,8611,33113.91,0.0425,177.1,0.0,C,360,07/28/2016,307,0.0,46000,71.99,SFH,OO,1
24205,1466804752,720,MD,21044,337323.84,0.0275,1396.18,136.8,C,360,08/10/2020,357,0.0,360000,93.7,SFH,OO,1
35561,1469186991,720,KY,40068,298350.3,0.02625,1204.95,0.0,C,360,10/02/2020,357,0.0,700000,42.62,SFH,OO,1
21277,1466762851,720,AZ,85045,246537.73,0.03,1054.01,0.0,C,360,07/22/2020,352,0.0,379000,65.05,SFH,OO,1
28302,1469092694,720,FL,33467,97614.98,0.03,690.58,0.0,C,180,08/31/2020,175,0.0,185000,52.76,SFH,OO,1
49872,1473140364,720,MD,21061,287456.32,0.025,1137.95,0.0,C,360,11/16/2020,359,0.0,360000,79.85,SFH,OO,1
26543,1469070815,720,DE,19808,186632.61,0.0225,1245.97,0.0,C,180,08/21/2020,176,0.0,275000,67.87,SFH,OO,1
39297,1469233389,720,TX,78573,108622.02,0.0225,1026.97,0.0,C,120,10/16/2020,118,0.0,162000,67.05,SFH,OO,1
28357,1469096174,720,CA,90016,340665.75,0.0275,1870.47,0.0,C,240,08/28/2020,236,0.0,830000,41.04,SFH,OO,1
43411,1473060554,720,AR,72718,468960.16,0.0275,1924.86,0.0,C,360,10/29/2020,357,0.0,598000,78.42,SFH,OO,1
42863,1473054383,720,NC,27045,456357.8,0.0275,1869.74,0.0,C,360,10/23/2020,358,0.0,780000,58.51,SFH,OO,1
10236,1463492668,720,NV,89406,330646.67,0.03375,1481.02,0.0,C,360,04/30/2020,352,0.0,440000,75.15,SFH,OO,1
36255,1469195885,720,CA,91762,287985.5,0.02875,1199.04,0.0,C,360,10/06/2020,358,0.0,440000,65.45,SFH,OO,1
27778,1469086480,720,TX,78642,116957.68,0.02375,795.09,0.0,C,180,08/31/2020,175,0.0,412000,28.39,SFH,OO,1
26248,1469067209,720,CO,80549,250380.86,0.02625,1014.17,0.0,C,360,08/21/2020,356,0.0,450000,55.64,SFH,OO,1
19368,1466736483,720,CA,93611,237505.18,0.035,1075.01,0.0,C,360,07/13/2020,355,0.0,346000,68.64,SFH,OO,1
33351,1469160657,720,MS,39183,109495.89,0.0225,1043.14,0.0,C,120,09/22/2020,117,0.0,315000,34.76,SFH,OO,1
11061,1463505006,720,MT,59808,169527.12,0.0325,776.84,0.0,C,360,05/14/2020,336,0.0,265000,63.97,SFH,OO,1
5743,1463419612,720,AL,35758,165510.07,0.03375,749.35,0.0,C,360,03/19/2020,341,0.0,245000,67.56,SFH,OO,1
42943,1473055273,720,VT,5401,404022.98,0.03,1712.24,0.0,C,360,10/26/2020,357,0.0,541500,74.61,SFH,OO,3
45064,1473080552,720,GA,30132,257787.36,0.0275,1056.18,0.0,C,360,10/28/2020,358,0.0,345000,74.72,SFH,OO,1
34563,1469175309,720,PA,19064,256329.67,0.0225,1340.61,0.0,C,240,09/29/2020,237,0.0,380000,67.46,SFH,OO,1
24389,1466807045,720,OH,45238,223771.3,0.02625,905.72,65.77,C,360,08/11/2020,356,0.0,265000,84.44,SFH,OO,1
50148,1473143566,720,GA,30542,194220.76,0.025,770.49,0.0,C,360,11/16/2020,358,0.0,300000,64.74,SFH,OO,1
22419,1466778774,720,GA,30045,265303.45,0.0325,1313.32,0.0,C,300,07/29/2020,292,0.0,355000,74.73,SFH,OO,1
50340,1473145835,720,CO,81301,217422.7,0.0275,1482.79,0.0,C,180,11/16/2020,179,0.0,425000,51.16,SFH,OO,1
4410,1448990604,720,GA,30115,128642.56,0.03875,616.01,0.0,C,360,12/30/2019,348,0.0,300000,42.88,SFH,OO,1
204,1440014478,720,AL,35773,59873.32,0.03625,300.99,0.0,C,360,06/28/2016,307,0.0,88000,68.04,SFH,OO,1
6450,1463431567,720,CA,92592,334194.96,0.0299,1429.52,0.0,C,360,03/31/2020,351,0.0,478500,69.84,SFH,OO,1
23843,1466798475,720,AZ,85249,165587.17,0.0225,1126.75,0.0,C,180,08/06/2020,173,0.0,490000,33.79,SFH,OO,1
11562,1463512143,720,TX,76247,283356.52,0.03125,1240.15,0.0,C,360,05/18/2020,352,0.0,425000,66.67,SFH,OO,1
48325,1473120960,720,CT,6415,225799.23,0.0225,1486.13,0.0,C,180,11/05/2020,179,0.0,324100,69.67,SFH,OO,1
46858,1473101986,720,MI,48183,115855.73,0.0225,762.52,0.0,C,180,11/04/2020,179,0.0,250000,46.34,SFH,OO,1
40590,1469248288,720,WA,98198,375013.61,0.0225,1439.16,0.0,C,360,10/22/2020,358,0.0,555000,67.57,SFH,OO,1
849,1440040325,720,TX,76028,108592.39,0.04,766.57,0.0,C,240,01/11/2017,193,0.0,170000,63.88,SFH,OO,1
13906,1466659529,720,NC,27523,310160.67,0.0325,1363.5,0.0,C,360,06/04/2020,354,0.0,502000,61.78,SFH,OO,1
2372,1448944759,720,VA,24551,109330.49,0.03625,854.43,0.0,C,180,07/31/2019,162,0.0,235000,46.52,SFH,OO,1
8818,1463469831,720,VA,22443,167919.73,0.0425,1068.18,0.0,C,240,04/22/2020,231,0.0,230000,73.01,SFH,OO,1
41247,1469255689,720,UT,84404,160549.11,0.02875,669.64,0.0,C,360,10/22/2020,357,0.0,269000,59.68,SFH,OO,1
40413,1469246209,720,TN,37211,322886.61,0.03,1366.0,0.0,C,360,10/20/2020,358,0.0,405000,79.73,SFH,OO,1
37024,1469205791,720,VA,22315,454312.38,0.02625,1831.53,0.0,C,360,10/08/2020,358,0.0,570000,79.7,SFH,OO,1
44667,1473074795,720,MA,2135,454792.85,0.025,1803.73,0.0,C,360,10/27/2020,358,0.0,1120000,40.61,SFH,OO,2
16445,1466694526,720,AZ,85365,176618.3,0.03125,860.52,26.85,C,300,06/19/2020,294,0.0,210000,84.1,SFH,OO,1
5521,1451517534,720,GA,30066,119336.9,0.03125,520.05,0.0,C,360,02/26/2020,350,0.0,225000,53.04,SFH,OO,1
1543,1448915619,720,MI,49659,88654.59,0.055,521.01,142.23,C,360,07/03/2018,331,0.0,115000,77.09,SFH,OO,1
18278,1466720040,720,VA,23221,410661.21,0.0325,1805.24,0.0,C,360,06/30/2020,354,0.0,535000,76.76,SFH,OO,1
41233,1469255523,720,PA,18371,117886.11,0.0225,779.55,0.0,C,180,10/19/2020,178,0.0,215000,54.83,SFH,OO,1
11487,1463511137,720,MD,21919,331605.4,0.02875,1861.69,0.0,C,240,05/18/2020,233,0.0,600000,55.27,SFH,OO,1
28421,1469096950,720,TX,76092,439878.59,0.02875,1845.23,0.0,C,360,09/01/2020,355,0.0,766000,57.43,SFH,OO,1
16287,1466692512,720,CT,6035,183713.24,0.03,1310.72,0.0,C,180,06/18/2020,173,0.0,270000,68.04,SFH,OO,1
16346,1466693239,720,IL,60103,198316.29,0.02375,1354.89,0.0,C,180,06/18/2020,173,0.0,300000,66.11,SFH,OO,1
23868,1466798764,720,PA,17602,174496.31,0.03375,869.34,0.0,C,300,08/07/2020,296,0.0,220000,79.32,SFH,OO,1
43637,1473063129,720,FL,33919,174398.63,0.03,737.81,0.0,C,360,10/28/2020,358,0.0,240000,72.67,SFH,OO,1
39097,1469231102,720,WA,98685,282095.93,0.0225,1082.52,0.0,C,360,10/16/2020,358,0.0,354000,79.69,SFH,OO,1
25038,1466815980,720,CA,92867,461514.89,0.025,1837.31,0.0,C,360,08/10/2020,356,0.0,750000,61.54,SFH,OO,1
2777,1448955128,720,TN,38016,163855.23,0.0375,778.03,0.0,C,360,09/11/2019,344,0.0,210000,78.03,SFH,OO,1
28696,1469100331,720,NV,89113,318276.94,0.0275,1306.37,0.0,C,360,09/03/2020,357,0.0,400000,79.57,SFH,OO,1
490,1440026860,720,GA,30467,87482.4,0.03125,808.07,0.0,C,180,09/30/2016,132,2816.43,145000,60.33,SFH,OO,1
20320,1466750914,720,TX,77355,165912.63,0.025,1133.54,0.0,C,180,07/17/2020,175,0.0,300000,55.3,SFH,OO,1
6553,1463433167,720,AR,72736,326820.86,0.03,1399.73,0.0,C,360,03/30/2020,351,0.0,500000,65.36,SFH,OO,1
3274,1448965291,720,OH,43055,180284.8,0.0375,853.66,0.0,C,360,10/25/2019,346,0.0,246000,73.29,SFH,OO,1
13580,1466655428,720,AZ,85298,417672.07,0.0275,1727.06,0.0,C,360,05/28/2020,353,0.0,575000,72.64,SFH,OO,1
49146,1473130332,720,MD,20850,197220.34,0.0225,1862.75,0.0,C,120,11/12/2020,119,0.0,585000,33.71,SFH,OO,1
7622,1463450963,720,AZ,86406,288884.61,0.03875,1375.44,0.0,C,360,04/10/2020,352,0.0,445000,64.92,SFH,OO,1
11378,1463509545,720,MD,21048,98667.01,0.02375,693.97,0.0,C,180,05/15/2020,172,0.0,282000,34.99,SFH,OO,1
47188,1473105672,720,MI,48127,242567.8,0.02375,948.31,48.8,C,360,11/05/2020,358,0.0,300000,80.86,SFH,OO,1
26599,1469071532,720,CA,94565,251648.56,0.03125,1087.22,86.72,C,360,08/24/2020,355,0.0,280000,89.87,SFH,OO,1
24610,1466810833,720,NV,89801,405800.73,0.03,1727.31,0.0,C,360,08/13/2020,355,0.0,530000,76.57,SFH,OO,1
25804,1466826292,720,WV,26431,238108.38,0.03125,1027.24,0.0,C,360,08/18/2020,356,0.0,300000,79.37,SFH,OO,1
17877,1466715016,720,CA,95901,179718.5,0.03,765.63,0.0,C,360,06/30/2020,354,0.0,260000,69.12,SFH,OO,1
25433,1466820691,720,OH,45373,223722.73,0.0225,1493.59,0.0,C,180,08/17/2020,176,0.0,285000,78.5,SFH,OO,1
46482,1473097861,720,AR,71730,103918.63,0.02375,693.97,0.0,C,180,11/04/2020,178,0.0,188000,55.28,SFH,OO,1
22632,1466781356,720,CA,95315,135272.19,0.0275,557.25,0.0,C,360,07/29/2020,355,0.0,265000,51.05,SFH,OO,1
20365,1466751425,720,AZ,85297,167374.74,0.0275,691.97,0.0,C,360,07/17/2020,354,0.0,350000,47.82,SFH,OO,1
40190,1469243628,720,MN,55026,505226.17,0.0225,3340.93,0.0,C,180,10/20/2020,178,0.0,800000,63.15,SFH,OO,1
28565,1469098824,720,TX,78840,205598.4,0.0275,1133.13,0.0,C,240,09/03/2020,236,0.0,317000,64.86,SFH,OO,1
16761,1466698576,720,GA,30517,231242.62,0.0325,1018.38,0.0,C,360,06/22/2020,353,0.0,330000,70.07,SFH,OO,1
12248,1466635768,720,PA,17702,211895.1,0.0275,877.72,0.0,C,360,05/20/2020,352,0.0,315000,67.27,SFH,OO,1
17534,1466710801,720,OH,43119,141288.59,0.0275,595.22,0.0,C,360,06/29/2020,342,0.0,205000,68.92,SFH,OO,1
4897,1449002219,720,KY,41035,142025.68,0.0375,1087.92,0.0,C,180,01/29/2020,168,0.0,187000,75.95,SFH,OO,1
49860,1473140224,720,MA,1748,358199.84,0.025,1422.44,0.0,C,360,11/16/2020,359,0.0,525000,68.23,SFH,OO,1
35645,1469188336,720,CO,80602,279466.57,0.025,1262.86,0.0,C,300,09/29/2020,297,0.0,475000,58.84,SFH,OO,1
47515,1473111704,720,MD,21042,298098.59,0.0225,1961.97,32.45,C,180,11/04/2020,179,0.0,360000,82.81,SFH,OO,1
31781,1469141202,720,AZ,85254,380685.08,0.02625,1540.33,0.0,C,360,09/21/2020,356,0.0,680000,55.98,SFH,OO,1
35008,1469180333,720,MN,55407,134368.17,0.0225,895.5,0.0,C,180,09/30/2020,177,0.0,221000,60.8,SFH,OO,1
8972,1463474039,720,TN,37174,301916.29,0.0325,1333.91,45.98,C,360,04/28/2020,351,0.0,373000,80.94,SFH,OO,1
31821,1469141665,720,CA,92677,312037.92,0.025,1239.89,0.0,C,360,09/21/2020,357,0.0,740000,42.17,SFH,OO,1
12715,1466644307,720,CA,93463,447387.32,0.0399,2155.31,0.0,C,360,05/26/2020,353,0.0,578000,77.4,SFH,OO,1
20633,1466754692,720,NH,3867,58722.85,0.035,428.93,0.0,C,180,07/20/2020,175,0.0,190000,30.91,SFH,OO,1
49193,1473130928,720,MI,48093,159753.65,0.03625,729.68,0.0,C,360,11/12/2020,359,0.0,200000,79.88,SFH,OO,1
40870,1469251431,720,NC,27609,161888.39,0.0225,1071.72,0.0,C,180,10/23/2020,178,0.0,350000,46.25,SFH,OO,1
24531,1466808753,720,GA,30040,153195.74,0.03125,661.84,0.0,C,360,08/10/2020,355,0.0,220000,69.63,SFH,OO,1
16998,1466701503,720,DE,19808,364499.68,0.035,1652.48,0.0,C,360,06/22/2020,354,0.0,460000,79.24,SFH,OO,1
9615,1463484384,720,MI,48334,176493.42,0.03,754.55,0.0,C,360,04/30/2020,352,0.0,225000,78.44,SFH,OO,1
41725,1469261091,720,MA,2601,187156.76,0.0275,1057.22,0.0,C,240,10/19/2020,225,0.0,440000,42.54,SFH,OO,1
14674,1466672720,720,MA,1741,449119.04,0.0275,2101.27,0.0,C,300,06/08/2020,294,0.0,780000,57.58,SFH,OO,1
42369,1473048724,720,MI,48651,140682.93,0.02625,567.13,0.0,C,360,10/26/2020,358,0.0,176500,79.71,SFH,OO,1
18664,1466727581,720,AZ,85375,115136.23,0.0275,476.04,0.0,C,360,07/01/2020,353,0.0,275000,41.87,SFH,OO,1
16434,1466694393,720,TX,77459,116869.67,0.0325,843.2,0.0,C,180,06/18/2020,174,0.0,170000,68.75,SFH,OO,1
7551,1463450005,720,FL,34990,86329.61,0.02875,616.13,0.0,C,180,04/14/2020,171,0.0,378000,22.84,SFH,OO,1
4692,1448998250,720,UT,84403,132822.18,0.04125,1038.0,0.0,C,180,01/15/2020,169,0.0,200000,66.41,SFH,OO,2
48730,1473125555,720,VA,20169,475129.31,0.03,2006.84,0.0,C,360,11/13/2020,359,0.0,595000,79.85,SFH,OO,1
26348,1469068447,720,TX,78641,364684.06,0.025,1456.51,0.0,C,360,08/19/2020,356,0.0,740000,49.28,SFH,OO,1
50897,1473152096,720,TN,37143,165696.39,0.02625,666.74,0.0,C,360,11/17/2020,359,0.0,315000,52.6,SFH,OO,1
1736,1448920718,720,NC,28125,108865.11,0.0375,887.21,0.0,C,180,11/07/2018,155,0.0,255000,42.69,SFH,OO,1
37385,1469209975,720,CO,80538,304744.45,0.02875,1268.82,58.62,C,360,10/09/2020,358,0.0,345000,88.33,SFH,OO,1
50173,1473143863,720,FL,33765,174231.56,0.0225,1152.95,0.0,C,180,11/17/2020,178,0.0,250000,69.69,SFH,OO,1
34042,1469168460,720,AZ,85355,204050.93,0.02875,851.19,0.0,C,360,09/28/2020,357,0.0,300000,68.02,SFH,OO,1
20786,1466756630,720,CA,95020,351806.79,0.0275,1449.26,0.0,C,360,07/20/2020,355,0.0,825000,42.64,SFH,OO,1
4154,1448985018,720,WY,82007,128770.61,0.0399,625.05,0.0,C,360,12/16/2019,348,0.0,174000,74.01,SFH,OO,1
24711,1466812003,720,VA,20175,603239.44,0.02625,2440.83,207.63,C,360,08/12/2020,356,0.0,700000,86.18,SFH,OO,1
986,1440045035,720,IL,60642,71724.76,0.03875,630.76,0.0,C,180,10/06/2017,142,0.0,150000,47.82,SFH,OO,1
38802,1469227753,720,WA,98502,345628.86,0.0275,1418.64,0.0,C,360,10/15/2020,357,0.0,965000,35.82,SFH,OO,1
27856,1469087447,720,CA,96003,218549.6,0.025,870.06,0.0,C,360,08/31/2020,356,0.0,300000,72.85,SFH,OO,1
9529,1463483121,720,CA,92201,348205.9,0.0375,1632.48,0.0,C,360,04/29/2020,352,0.0,470000,74.09,SFH,OO,1
27305,1469080848,720,GA,30102,151579.72,0.0225,1012.62,0.0,C,180,08/25/2020,176,0.0,220000,68.9,SFH,OO,1
34066,1469168734,720,FL,32526,210399.83,0.025,841.61,0.0,C,360,09/28/2020,354,0.0,361000,58.28,SFH,OO,1
10088,1463490654,720,CA,94806,264895.35,0.0275,1095.96,0.0,C,360,05/05/2020,353,0.0,550000,48.16,SFH,OO,1
16994,1466701461,720,LA,70454,256839.73,0.0275,1791.56,0.0,C,180,06/23/2020,174,0.0,488000,52.63,SFH,OO,1
49411,1473135133,720,NJ,7605,420491.5,0.02625,1917.5,0.0,C,300,11/16/2020,299,0.0,630000,66.74,SFH,OO,1
34749,1469177412,720,WA,98074,313289.36,0.02875,1306.91,0.0,C,360,10/01/2020,358,0.0,500000,62.66,SFH,OO,1
26179,1469066417,720,NJ,8057,494109.7,0.03125,2131.17,0.0,C,360,08/21/2020,356,0.0,770000,64.17,SFH,OO,1
9679,1463485191,720,CA,91752,378517.6,0.035,1731.79,0.0,C,360,04/30/2020,351,0.0,578000,65.49,SFH,OO,1
11280,1463507820,720,MA,1913,327687.51,0.03375,1465.33,0.0,C,360,05/14/2020,353,0.0,480000,68.27,SFH,OO,1
8155,1463458859,720,CA,90623,303472.76,0.02625,2118.97,0.0,C,180,04/17/2020,172,0.0,785000,38.66,SFH,OO,1
43490,1473061438,720,AZ,85296,224753.25,0.02875,935.77,0.0,C,360,10/23/2020,358,0.0,310000,72.5,SFH,OO,1
48029,1473117586,720,GA,30339,424238.93,0.0275,1735.03,0.0,C,360,11/09/2020,359,0.0,775000,54.74,SFH,OO,1
40494,1469247140,720,VA,22602,108393.04,0.02625,1043.23,0.0,C,120,10/20/2020,118,0.0,384000,28.23,SFH,OO,1
18192,1466718945,720,OR,97338,231841.72,0.03,996.25,0.0,C,360,07/02/2020,354,0.0,350000,66.24,SFH,OO,1
126,1440010880,720,HI,96706,590052.74,0.0375,3091.3,0.0,C,360,05/19/2016,305,0.0,890000,66.3,SFH,OO,1
5697,1463418531,720,AL,36695,167226.01,0.03375,751.56,0.0,C,360,03/17/2020,350,0.0,218000,76.71,SFH,OO,1
37704,1469213548,720,GA,30114,397204.73,0.02375,1559.47,0.0,C,360,10/13/2020,355,0.0,548000,72.48,SFH,OO,1
42530,1473050522,720,PA,17407,214339.18,0.0225,824.89,0.0,C,360,10/26/2020,357,0.0,270000,79.38,SFH,OO,1
30375,1469123499,720,HI,96734,574467.18,0.025,2287.75,0.0,C,360,09/08/2020,356,0.0,900000,63.83,SFH,OO,1
36687,1469202053,720,FL,33609,435162.75,0.0325,1900.11,0.0,C,360,10/07/2020,358,0.0,600000,72.53,SFH,OO,1
37236,1469208217,720,TX,75035,357187.16,0.02625,1439.92,0.0,C,360,10/09/2020,358,0.0,520000,68.69,SFH,OO,1
12602,1466642913,720,CA,96130,208472.78,0.0275,1465.82,0.0,C,180,05/26/2020,173,0.0,450000,46.33,SFH,OO,1
21759,1466768999,720,AZ,85254,383475.69,0.0275,1789.89,0.0,C,300,07/27/2020,295,0.0,600000,63.91,SFH,OO,1
30068,1469120040,720,KY,40356,432397.09,0.02375,2898.14,53.11,C,180,09/10/2020,177,0.0,540000,80.07,SFH,OO,1
1180,1440049409,720,CT,6106,121079.05,0.04375,713.39,0.0,C,300,01/29/2018,265,0.0,225000,53.81,SFH,OO,3
6790,1463436830,720,CA,92804,586055.03,0.0275,4146.38,45.83,C,180,03/31/2020,173,0.0,719000,81.51,SFH,OO,1
42257,1473047452,720,CA,93314,280283.53,0.03,1185.76,0.0,C,360,10/26/2020,358,0.0,375000,74.74,SFH,OO,1
14436,1466669775,720,CA,92374,303608.14,0.0325,1334.57,0.0,C,360,06/10/2020,354,0.0,410000,74.05,SFH,OO,1
18880,1466730353,720,FL,32169,136168.05,0.03,597.57,0.0,C,360,07/02/2020,353,0.0,578000,23.56,SFH,OO,1
50729,1473150249,720,FL,33813,198544.7,0.02875,829.78,0.0,C,360,11/19/2020,356,0.0,274000,72.46,SFH,OO,1
37304,1469209009,720,CA,94805,338943.87,0.0225,1766.76,0.0,C,240,10/09/2020,238,0.0,780000,43.45,SFH,OO,1
15405,1466681572,720,FL,33770,206305.57,0.02875,1451.32,0.0,C,180,06/15/2020,174,0.0,265000,77.85,SFH,OO,1
3440,1448969855,720,WA,98155,389095.18,0.02375,2752.33,0.0,C,180,10/31/2019,166,0.0,720000,54.04,SFH,OO,1
2115,1448935765,720,FL,34432,153708.6,0.05375,879.15,0.0,C,360,06/14/2019,342,0.0,185000,83.09,SFH,OO,1
15011,1466676689,720,FL,34120,290928.3,0.0325,1281.03,0.0,C,360,06/05/2020,352,0.0,750000,38.79,SFH,OO,1
7996,1463456580,720,CA,95065,422276.56,0.0275,2987.63,0.0,C,180,04/20/2020,172,0.0,900000,46.92,SFH,OO,1
41244,1469255655,720,VA,22033,337465.91,0.02875,2331.01,0.0,C,180,10/19/2020,178,0.0,454000,74.33,SFH,OO,1
25175,1466817697,720,AL,36854,157935.53,0.025,847.84,0.0,C,240,08/14/2020,236,0.0,230000,68.67,SFH,OO,1
15794,1466686449,720,IL,60516,129811.31,0.02375,905.33,0.0,C,180,06/16/2020,174,0.0,275000,47.2,SFH,OO,1
17092,1466702766,720,GA,30542,255850.53,0.0325,1125.01,0.0,C,360,06/24/2020,354,0.0,324000,78.97,SFH,OO,1
12803,1466645361,720,LA,70359,236044.83,0.02875,1340.74,0.0,C,240,05/21/2020,233,0.0,356000,66.3,SFH,OO,1
23264,1466789466,720,OR,97306,231982.19,0.03,986.55,0.0,C,360,07/31/2020,355,0.0,395000,58.73,SFH,OO,1
3494,1448970663,720,NC,27610,146320.68,0.03375,660.93,28.65,C,360,11/06/2019,347,0.0,180000,81.29,SFH,OO,1
36439,1469198087,720,OR,97031,185568.91,0.0225,1241.49,0.0,C,180,10/05/2020,177,0.0,711000,26.1,SFH,OO,1
17438,1466709654,720,VA,23139,220297.14,0.02625,1523.64,30.2,C,180,06/29/2020,174,0.0,253000,87.07,SFH,OO,1
28473,1469097644,720,NC,27103,196576.84,0.0275,808.32,0.0,C,360,08/31/2020,356,0.0,330000,59.57,SFH,OO,1
40419,1469246274,720,FL,33327,309895.32,0.02875,1290.26,0.0,C,360,10/20/2020,358,0.0,435000,71.24,SFH,OO,1
35307,1469183600,720,CA,91761,315047.18,0.02875,1743.79,0.0,C,240,09/30/2020,237,0.0,507500,62.08,SFH,OO,1
10767,1463501062,720,CA,90505,690616.18,0.0325,3063.85,0.0,C,360,05/12/2020,352,0.0,880000,78.48,SFH,OO,1
51411,1473159653,720,NH,3063,149818.66,0.025,594.26,0.0,C,360,11/19/2020,358,0.0,240000,62.42,SFH,OO,1
46442,1473097424,720,MA,1560,362974.13,0.0225,2391.07,0.0,C,180,11/03/2020,179,0.0,550000,66.0,SFH,OO,1
2035,1448934099,720,TX,77373,131491.88,0.04625,696.92,0.0,C,360,05/30/2019,344,4878.44,175000,75.14,SFH,OO,1
25780,1466825997,720,CA,93536,246538.34,0.0225,1670.47,0.0,C,180,08/20/2020,176,0.0,460000,53.6,SFH,OO,1
18284,1466720123,720,NC,28277,418719.13,0.03,1787.6,0.0,C,360,07/02/2020,353,0.0,550000,76.13,SFH,OO,1
45807,1473089090,720,GA,30265,471475.76,0.025,2511.74,0.0,C,240,11/02/2020,239,0.0,646000,72.98,SFH,OO,1
38810,1469227837,720,NC,28778,199204.67,0.0275,819.34,0.0,C,360,10/14/2020,358,0.0,435000,45.79,SFH,OO,1
21269,1466762752,720,MO,65807,135471.25,0.0325,594.49,0.0,C,360,07/22/2020,355,0.0,184950,73.25,SFH,OO,1
21784,1466769294,720,UT,84790,184774.51,0.02875,1293.87,0.0,C,180,07/22/2020,175,0.0,290000,63.72,SFH,OO,1
27389,1469081853,720,AZ,85225,230353.42,0.02625,933.84,0.0,C,360,08/24/2020,355,0.0,335000,68.76,SFH,OO,1
43898,1473066148,720,FL,32824,298584.34,0.02625,1365.87,45.03,C,300,10/29/2020,298,0.0,370000,80.7,SFH,OO,1
49525,1473136495,720,AZ,85268,481736.89,0.0225,3170.61,0.0,C,180,11/16/2020,179,0.0,610000,78.97,SFH,OO,1
51256,1473157152,720,MD,21244,161032.72,0.02875,670.47,0.0,C,360,11/18/2020,358,0.0,202000,79.72,SFH,OO,1
38929,1469229148,720,TX,78231,214681.16,0.025,855.44,0.0,C,360,10/15/2020,355,0.0,365000,58.82,SFH,OO,1
46644,1473099602,720,WA,98516,388541.54,0.025,1540.97,0.0,C,360,11/04/2020,358,0.0,550000,70.64,SFH,OO,1
34672,1469176562,720,TX,78258,217916.18,0.025,1480.27,0.0,C,180,09/30/2020,176,0.0,450000,48.43,SFH,OO,1
50529,1473147989,720,OR,97527,296977.07,0.03,1255.28,0.0,C,360,11/19/2020,359,0.0,430000,69.06,SFH,OO,1
10457,1463495729,720,CA,95124,437190.29,0.03125,1898.56,0.0,C,360,04/30/2020,352,0.0,999999,43.72,SFH,OO,1
20678,1466755251,720,MD,20774,380413.41,0.0275,2641.2,129.73,C,180,07/20/2020,175,0.0,447000,85.1,SFH,OO,1
9810,1463486835,720,TX,75034,109547.94,0.025,769.07,0.0,C,180,04/30/2020,169,0.0,425000,25.78,SFH,OO,1
28385,1469096505,720,VA,23139,251634.78,0.025,1001.77,71.83,C,360,09/01/2020,356,0.0,277000,90.84,SFH,OO,1
39682,1469237745,720,CA,93021,462443.67,0.02625,2494.61,0.0,C,240,10/16/2020,238,0.0,880000,52.55,SFH,OO,1
36410,1469197741,720,CA,95709,410553.71,0.02875,1709.36,0.0,C,360,10/05/2020,358,0.0,525000,78.2,SFH,OO,1
48615,1473124285,720,CA,95758,407343.75,0.03375,1803.75,0.0,C,360,11/12/2020,359,0.0,510000,79.87,SFH,OO,1
43813,1473065181,720,CA,93063,447875.34,0.0275,1838.31,0.0,C,360,10/29/2020,357,0.0,620000,72.24,SFH,OO,1
44905,1473077509,720,NC,28792,142487.27,0.0275,583.78,29.79,C,360,10/26/2020,358,0.0,170000,83.82,SFH,OO,1
47449,1473111001,720,MA,1803,320634.84,0.025,1719.53,0.0,C,240,11/04/2020,237,0.0,540000,59.38,SFH,OO,1
5088,1449008208,720,LA,70115,272465.36,0.03875,1300.68,182.1,C,360,02/11/2020,350,0.0,299000,91.13,SFH,OO,1
20547,1466753652,720,AR,72019,156025.2,0.0275,738.1,0.0,C,300,07/20/2020,287,0.0,210000,74.3,SFH,OO,1
44513,1473073011,720,VA,22642,99381.7,0.02875,548.36,0.0,C,240,10/30/2020,238,0.0,215000,46.22,SFH,OO,1
42857,1473054300,720,WA,99320,203283.88,0.02875,846.38,0.0,C,360,10/26/2020,358,0.0,405000,50.19,SFH,OO,1
32539,1469149817,720,AZ,85212,340534.62,0.0275,1400.27,0.0,C,360,09/23/2020,356,0.0,430000,79.19,SFH,OO,1
49190,1473130894,720,GA,30253,172696.72,0.02875,717.76,0.0,C,360,11/13/2020,359,0.0,253000,68.26,SFH,OO,1
6153,1463426880,720,NJ,8865,237399.99,0.0299,1017.29,0.0,C,360,03/27/2020,350,0.0,315000,75.37,SFH,OO,1
27810,1469086860,720,OR,97045,137858.96,0.025,548.82,0.0,C,360,08/28/2020,356,0.0,300000,45.95,SFH,OO,1
14333,1466668470,720,TX,77447,264453.41,0.0275,1884.53,30.08,C,180,06/09/2020,173,0.0,343000,77.1,SFH,OO,1
20001,1466746946,720,TX,78247,161624.0,0.03125,698.25,0.0,C,360,07/15/2020,355,0.0,210000,76.96,SFH,OO,1
29524,1469113664,720,FL,33993,367917.29,0.025,1465.5,0.0,C,360,09/11/2020,355,0.0,655000,56.17,SFH,OO,1
13354,1466652474,720,AL,35223,195335.69,0.03,1392.21,0.0,C,180,06/01/2020,173,0.0,252000,77.51,SFH,OO,1
42898,1473054771,720,IN,46143,246863.83,0.02875,1363.18,0.0,C,240,10/27/2020,238,0.0,373400,66.11,SFH,OO,1
16588,1466696323,720,TX,77502,180690.23,0.0275,747.08,54.9,C,360,06/22/2020,353,0.0,197500,91.49,SFH,OO,1
9801,1463486744,720,NJ,8721,287375.61,0.025,1989.7,0.0,C,180,05/06/2020,172,0.0,373000,77.04,SFH,OO,1
38565,1469225088,720,MD,21047,195434.65,0.0225,752.27,0.0,C,360,10/15/2020,357,0.0,350000,55.84,SFH,OO,1
14081,1466661731,720,GA,30107,174102.08,0.03,742.44,0.0,C,360,06/02/2020,354,0.0,300000,58.03,SFH,OO,1
31796,1469141368,720,DC,20010,630526.7,0.02375,4226.1,0.0,C,180,09/21/2020,177,0.0,1525000,41.35,SFH,OO,2
5491,1451516551,720,IL,60660,108933.83,0.0425,586.88,0.0,C,360,04/25/2016,303,0.0,160000,68.08,SFH,OO,1
8993,1463474377,720,CA,92021,265451.03,0.03125,1152.76,0.0,C,360,04/29/2020,352,0.0,425000,62.46,SFH,OO,1
9385,1463481091,720,CO,80620,188282.6,0.0325,1097.52,0.0,C,240,04/30/2020,231,0.0,999999,18.83,SFH,OO,1
32768,1469152357,720,MN,55417,139634.15,0.025,950.17,0.0,C,180,09/23/2020,177,0.0,300000,46.54,SFH,OO,1
14401,1466669346,720,GA,30341,275793.28,0.03375,1231.24,71.95,C,360,06/08/2020,354,0.0,315000,87.55,SFH,OO,1
1439,1440055729,720,IL,60156,115974.79,0.04875,640.34,0.0,C,360,05/14/2018,329,0.0,186000,62.35,SFH,OO,1
2871,1448956621,720,OR,97707,106519.49,0.03375,824.29,0.0,C,180,09/25/2019,164,0.0,490000,21.74,SFH,OO,1
22800,1466783444,720,NJ,7039,465947.08,0.03,1981.54,0.0,C,360,07/31/2020,355,0.0,680000,68.52,SFH,OO,1
18693,1466727961,720,WA,98075,590330.93,0.035,2676.31,0.0,C,360,07/06/2020,354,0.0,745000,79.24,SFH,OO,1
45710,1473087995,720,MD,21754,327374.39,0.02375,1274.78,117.53,C,360,11/02/2020,359,0.0,380000,86.15,SFH,OO,1
48691,1473125100,720,ID,83705,79625.93,0.0225,524.07,0.0,C,180,11/12/2020,179,0.0,375000,21.23,SFH,OO,1
38847,1469228215,720,WA,98033,561479.01,0.0225,3730.71,0.0,C,180,10/16/2020,177,0.0,2340000,23.99,SFH,OO,1
4683,1448998110,720,PA,17042,97223.86,0.0375,458.48,0.0,C,360,01/21/2020,349,0.0,125000,77.78,SFH,OO,1
33607,1469163628,720,TX,78613,375921.37,0.02625,1518.24,179.55,C,360,09/22/2020,357,0.0,420000,89.51,SFH,OO,1
27594,1469084337,720,CA,94044,277634.12,0.025,1108.31,0.0,C,360,08/28/2020,356,0.0,950000,29.22,SFH,OO,1
31423,1469137127,720,CA,95608,265749.35,0.025,1798.78,0.0,C,180,09/15/2020,177,0.0,490000,54.23,SFH,OO,1
24059,1466802897,720,FL,34232,278724.61,0.02375,1877.02,0.0,C,180,08/10/2020,176,0.0,355000,78.51,SFH,OO,1
26758,1469073330,720,NJ,7840,98863.07,0.03,421.6,0.0,C,360,08/24/2020,354,0.0,275000,35.95,SFH,OO,1
5674,1463417558,720,CT,6770,174117.78,0.0375,817.59,0.0,C,360,03/12/2020,351,0.0,225000,77.39,SFH,OO,1
27648,1469084964,720,PA,19146,441350.72,0.0225,2947.88,0.0,C,180,08/28/2020,176,0.0,715000,61.73,SFH,OO,1
4247,1448986503,720,GA,30313,169148.31,0.04375,858.77,0.0,C,360,12/18/2019,348,0.0,215000,78.67,SFH,OO,1
40719,1469249732,720,TX,78620,256875.85,0.02625,1035.54,0.0,C,360,10/21/2020,358,0.0,350000,73.39,SFH,OO,1
19399,1466736848,720,CA,95023,479532.98,0.02875,2007.22,0.0,C,360,07/13/2020,355,0.0,713000,67.26,SFH,OO,1
32689,1469151466,720,CA,91326,318845.19,0.0225,2161.43,0.0,C,180,09/24/2020,174,0.0,675000,47.24,SFH,OO,1
23847,1466798517,720,GA,30310,158620.27,0.03,674.57,0.0,C,360,07/31/2020,355,0.0,230000,68.97,SFH,OO,1
4012,1448982338,720,IL,60098,211097.76,0.03125,1560.4,0.0,C,180,11/29/2019,167,0.0,280000,75.39,SFH,OO,1
44998,1473079810,720,UT,84721,230861.37,0.025,1553.62,23.3,C,180,10/30/2020,178,0.0,285000,81.0,SFH,OO,1
45874,1473090981,720,IL,61571,162558.6,0.0225,714.71,0.0,C,300,11/03/2020,297,0.0,210000,77.41,SFH,OO,1
45370,1473084174,720,NJ,8750,298924.33,0.0275,1224.72,0.0,C,360,10/30/2020,358,0.0,600000,49.82,SFH,OO,1
597,1440029765,720,MA,1463,197959.68,0.0275,1822.1,0.0,C,180,10/14/2016,130,0.0,340000,58.22,SFH,OO,1
39468,1469235327,720,UT,84790,161892.31,0.025,642.07,0.0,C,360,10/15/2020,358,0.0,251000,64.5,SFH,OO,1
38299,1469221483,720,CA,92029,379232.73,0.0225,2508.97,0.0,C,180,10/14/2020,178,0.0,700000,54.18,SFH,OO,1
22074,1466774625,720,IN,46814,222208.19,0.03125,959.99,0.0,C,360,07/28/2020,355,0.0,390000,56.98,SFH,OO,1
48972,1473128344,720,TX,76227,82726.39,0.03375,366.94,0.0,C,360,11/09/2020,358,0.0,230000,35.97,SFH,OO,1
12040,1466632492,720,KY,40047,212084.63,0.03125,921.01,63.15,C,360,05/18/2020,352,0.0,251000,84.5,SFH,OO,1
50229,1473144481,720,MI,49445,264284.31,0.0225,1012.19,0.0,C,360,11/16/2020,359,0.0,331000,79.84,SFH,OO,1
852,1440040713,720,TX,76244,101633.32,0.03375,939.82,0.0,C,180,01/20/2017,133,0.0,190000,53.49,SFH,OO,1
4700,1448998391,720,WA,98030,237385.51,0.03375,1776.0,0.0,C,180,01/15/2020,169,0.0,504000,47.1,SFH,OO,1
10515,1463496420,720,NC,28277,155496.65,0.035,707.25,0.0,C,360,05/05/2020,352,0.0,198000,78.53,SFH,OO,1
45839,1473089454,720,TX,78130,169430.45,0.025,1140.21,0.0,C,180,10/28/2020,178,0.0,226000,74.97,SFH,OO,1
6830,1463437499,720,WY,82301,217982.72,0.0299,1570.01,0.0,C,180,03/31/2020,171,0.0,281000,77.57,SFH,OO,1
22563,1466780457,720,WY,83128,365598.46,0.03,2064.77,43.44,C,240,07/30/2020,235,0.0,460000,79.48,SFH,OO,1
31268,1469134223,720,CA,95831,484954.72,0.02875,2684.23,0.0,C,240,09/16/2020,237,0.0,826000,58.71,SFH,OO,1
26423,1469069353,720,MD,20732,425051.08,0.03,1804.47,0.0,C,360,08/24/2020,356,0.0,535000,79.45,SFH,OO,1
33962,1469167595,720,FL,33954,196933.85,0.0275,808.32,0.0,C,360,09/28/2020,357,0.0,258000,76.33,SFH,OO,1
22053,1466774369,720,VA,24540,113355.61,0.02625,780.32,0.0,C,180,07/28/2020,175,0.0,190000,59.66,SFH,OO,1
43376,1473060133,720,CA,92019,365684.08,0.0275,1498.25,0.0,C,360,10/29/2020,358,0.0,480000,76.18,SFH,OO,1
30939,1469130387,720,NM,87410,355596.06,0.02875,1483.24,166.83,C,360,09/17/2020,357,0.0,380000,93.58,SFH,OO,1
43724,1473064135,720,NM,87144,390623.93,0.02875,1626.38,0.0,C,360,10/29/2020,358,0.0,670000,58.3,SFH,OO,1
26601,1469071557,720,MS,39402,174932.22,0.0275,721.06,0.0,C,360,08/24/2020,356,0.0,225900,77.44,SFH,OO,1
16304,1466692710,720,VA,22306,354080.77,0.03125,1554.15,0.0,C,360,06/18/2020,344,0.0,525000,67.44,SFH,OO,1
43935,1473066536,720,CA,92078,231557.0,0.025,1560.29,0.0,C,180,10/26/2020,178,0.0,775000,29.88,SFH,OO,1
13795,1466658109,720,CA,95687,255559.03,0.02625,1779.26,0.0,C,180,06/02/2020,173,0.0,400000,63.89,SFH,OO,1
22711,1466782313,720,TX,77407,132093.5,0.0275,950.07,0.0,C,180,07/29/2020,169,0.0,270000,48.92,SFH,OO,1
37671,1469213175,720,CA,92223,246081.7,0.02875,1024.78,0.0,C,360,10/13/2020,358,0.0,354000,69.51,SFH,OO,1
39118,1469231326,720,CT,6437,232800.29,0.0225,1539.45,0.0,C,180,10/15/2020,178,0.0,345000,67.48,SFH,OO,1
41465,1469258063,720,GA,31005,297994.31,0.03125,1280.84,0.0,C,360,10/21/2020,358,0.0,401000,74.31,SFH,OO,1
45700,1473087870,720,ID,83328,225410.37,0.025,1016.12,0.0,C,300,10/29/2020,298,0.0,350000,64.4,SFH,OO,1
4551,1448994465,720,CO,80033,248220.5,0.0399,1249.32,0.0,C,360,12/31/2019,324,0.0,365000,68.01,SFH,OO,1
21713,1466768429,720,AL,35741,203065.3,0.03375,905.06,0.0,C,360,07/27/2020,355,0.0,310000,65.5,SFH,OO,1
12887,1466646401,720,IN,46167,215545.24,0.0325,950.71,0.0,C,360,05/27/2020,352,0.0,280000,76.98,SFH,OO,1
51184,1473156097,720,WA,98072,499878.94,0.02625,2688.11,0.0,C,240,11/19/2020,239,0.0,950000,52.62,SFH,OO,1
17352,1466708409,720,FL,32257,164974.78,0.0275,1191.14,0.0,C,240,06/26/2020,166,0.0,319000,51.72,SFH,OO,1
12549,1466639620,720,FL,32162,169577.43,0.03125,740.15,0.0,C,360,05/22/2020,352,0.0,294000,57.68,SFH,OO,1
2109,1448935674,720,OH,45014,114869.6,0.04125,571.64,0.0,C,360,06/21/2019,342,0.0,220000,52.21,SFH,OO,1
27471,1469082828,720,SC,29407,153621.07,0.025,1043.53,0.0,C,180,08/21/2020,176,0.0,219000,70.15,SFH,OO,1
18345,1466720883,720,AZ,85395,256143.01,0.03375,1143.76,0.0,C,360,07/01/2020,354,0.0,415000,61.72,SFH,OO,1
30296,1469122590,720,RI,2917,326534.18,0.025,1299.95,0.0,C,360,09/14/2020,356,0.0,625000,52.25,SFH,OO,1
4593,1448995165,720,PA,17563,151015.0,0.0375,711.35,0.0,C,360,01/09/2020,349,0.0,192000,78.65,SFH,OO,1
16108,1466690367,720,MI,48193,193882.01,0.0275,800.15,0.0,C,360,06/18/2020,354,0.0,257000,75.44,SFH,OO,1
15033,1466676945,720,MD,21122,274784.2,0.03125,1189.17,0.0,C,360,06/11/2020,354,0.0,319900,85.9,SFH,OO,1
29865,1469117707,720,KY,41051,140332.35,0.035,633.15,0.0,C,360,09/10/2020,357,0.0,222000,63.21,SFH,OO,1
1917,1448928430,720,LA,70819,93965.17,0.04,463.09,29.1,C,360,04/17/2019,339,0.0,114000,82.43,SFH,OO,1
45538,1473086047,720,GA,30024,438354.56,0.025,1738.53,0.0,C,360,10/29/2020,358,0.0,755000,58.06,SFH,OO,1
50392,1473146437,720,GA,31411,182450.27,0.02875,759.64,0.0,C,360,11/16/2020,358,0.0,375000,48.65,SFH,OO,1
19362,1466736426,720,CA,93636,274307.84,0.03375,1224.61,0.0,C,360,07/13/2020,354,0.0,410000,66.9,SFH,OO,1
39147,1469231623,720,CO,80549,214379.74,0.02375,1487.07,0.0,C,180,10/16/2020,169,0.0,390000,54.97,SFH,OO,1
35727,1469189250,720,NV,89131,327503.83,0.025,1301.37,0.0,C,360,10/05/2020,357,0.0,425000,77.06,SFH,OO,1
8675,1463467686,720,PA,19608,185841.56,0.02625,1303.87,0.0,C,180,04/20/2020,171,0.0,340000,54.66,SFH,OO,1
32783,1469152514,720,FL,32162,141000.64,0.02875,589.15,0.0,C,360,09/24/2020,356,0.0,230000,61.3,SFH,OO,1
1843,1448926145,720,OK,73572,84740.43,0.04125,551.33,0.0,C,240,03/13/2019,219,0.0,120000,70.62,SFH,OO,1
66,1440008397,720,FL,33525,133815.41,0.03,1553.81,0.0,C,180,04/29/2016,108,0.0,260000,51.47,SFH,OO,1
9467,1463482230,720,MO,65018,174949.59,0.02875,987.05,0.0,C,240,04/30/2020,231,0.0,250000,69.98,SFH,OO,1
50747,1473150447,720,CA,94580,316650.87,0.035,1424.15,0.0,C,360,11/16/2020,359,0.0,700000,45.24,SFH,OO,1
26053,1469065039,720,OH,45426,315662.76,0.02875,1318.94,0.0,C,360,08/19/2020,356,0.0,500000,63.13,SFH,OO,1
34918,1469179285,720,CA,94402,593150.46,0.025,2356.9,0.0,C,360,09/30/2020,357,0.0,999999,59.32,SFH,OO,1
25791,1466826128,720,MA,2067,369088.31,0.02875,1742.31,0.0,C,300,08/19/2020,296,0.0,510000,72.37,SFH,OO,1
33953,1469167504,720,FL,32119,160006.88,0.025,638.12,0.0,C,360,09/28/2020,356,0.0,250000,64.0,SFH,OO,1
13855,1466658927,720,AR,72364,206124.48,0.03125,908.16,0.0,C,360,06/03/2020,342,0.0,280000,73.62,SFH,OO,1
41549,1469259061,720,MD,20657,198814.44,0.03,841.1,0.0,C,360,10/21/2020,358,0.0,285000,69.76,SFH,OO,1
9179,1463477057,720,TN,38004,308561.65,0.0325,1360.95,0.0,C,360,04/29/2020,352,0.0,475000,64.96,SFH,OO,1
22607,1466781018,720,AZ,85383,459192.6,0.03,1956.24,0.0,C,360,07/30/2020,354,0.0,580000,79.17,SFH,OO,1
45244,1473082731,720,AZ,85143,198814.44,0.03,841.1,0.0,C,360,10/29/2020,358,0.0,294000,67.62,SFH,OO,1
23,1431996253,720,FL,33913,108446.0,0.035,583.76,0.0,F,360,04/15/2013,268,0.0,300000,36.15,SFH,OO,1
5907,1463423200,720,NJ,7461,267328.12,0.03375,1199.41,0.0,C,360,03/27/2020,351,0.0,350000,76.38,SFH,OO,1
17463,1466709944,720,SC,29229,141923.99,0.02375,964.94,0.0,C,180,06/29/2020,174,0.0,198000,71.68,SFH,OO,1
21039,1466759931,720,GA,30028,414537.46,0.0275,1707.67,163.83,C,360,07/23/2020,355,0.0,449500,92.22,SFH,OO,1
7718,1463452480,720,WA,98593,185453.37,0.03,834.78,0.0,C,360,04/14/2020,322,0.0,250000,74.18,SFH,OO,1
19186,1466734082,720,NC,28273,134851.93,0.03125,582.59,0.0,C,360,07/03/2020,355,0.0,214000,63.01,SFH,OO,1
14523,1466670831,720,MT,59718,281211.56,0.03,1201.57,0.0,C,360,06/10/2020,353,0.0,775000,36.29,SFH,OO,1
19918,1466745971,720,CA,92675,424684.75,0.03,1812.9,0.0,C,360,07/16/2020,355,0.0,750000,56.62,SFH,OO,1
17935,1466715685,720,FL,32713,313726.2,0.0275,2198.73,0.0,C,180,06/30/2020,173,0.0,405000,77.46,SFH,OO,1
33494,1469162273,720,WI,53130,168737.79,0.025,762.65,0.0,C,300,09/28/2020,297,0.0,325000,51.92,SFH,OO,1
44755,1473075776,720,CO,80111,442972.16,0.03125,1908.41,0.0,C,360,10/30/2020,356,0.0,950000,46.63,SFH,OO,1
30142,1469120867,720,TX,76034,241080.0,0.02375,944.19,0.0,C,360,09/09/2020,356,0.0,402000,59.97,SFH,OO,1
9734,1463485902,720,FL,34442,214916.82,0.02875,904.47,0.0,C,360,04/30/2020,352,0.0,300000,71.64,SFH,OO,1
20272,1466750302,720,CA,93906,283403.66,0.0325,2048.28,0.0,C,180,07/15/2020,175,0.0,500000,56.68,SFH,OO,1
39520,1469235947,720,GA,30005,297219.23,0.02375,1982.76,0.0,C,180,10/16/2020,178,0.0,425000,69.93,SFH,OO,1
40338,1469245383,720,AR,72956,155097.21,0.0225,1030.5,0.0,C,180,10/20/2020,177,0.0,250000,62.04,SFH,OO,1
8403,1463462554,720,GA,30188,235425.81,0.0325,1040.14,0.0,C,360,03/30/2020,351,0.0,322000,73.11,SFH,OO,1
31274,1469134298,720,CA,95747,417219.84,0.025,2252.09,0.0,C,240,09/16/2020,236,0.0,750000,55.63,SFH,OO,1
7279,1463446052,720,MO,63130,241351.35,0.0275,1720.98,0.0,C,180,04/08/2020,172,0.0,460000,52.47,SFH,OO,1
26820,1469074130,720,OR,97702,273425.11,0.02875,1142.46,0.0,C,360,08/25/2020,356,0.0,525000,52.08,SFH,OO,1
19070,1466732649,720,SC,29582,182448.74,0.03125,889.37,0.0,C,300,07/08/2020,295,0.0,247000,73.87,SFH,OO,1
49342,1473132643,720,MS,39562,109871.64,0.0225,723.21,0.0,C,180,11/13/2020,179,0.0,138000,79.62,SFH,OO,1
17122,1466703152,720,FL,33175,275860.64,0.0275,1138.99,0.0,C,360,06/25/2020,354,0.0,360000,76.63,SFH,OO,1
25762,1466825757,720,MN,55327,321014.24,0.025,1278.43,0.0,C,360,08/19/2020,356,0.0,405000,79.26,SFH,OO,1
44914,1473077590,720,UT,84738,188825.23,0.02875,1041.89,0.0,C,240,11/02/2020,238,0.0,305000,61.91,SFH,OO,1
11311,1463508299,720,CA,92325,151989.55,0.03375,680.83,0.0,C,360,05/15/2020,352,0.0,234000,64.95,SFH,OO,1
47608,1473112751,720,CA,90703,592389.1,0.0225,2268.8,0.0,C,360,11/09/2020,359,0.0,850000,69.69,SFH,OO,1
11092,1463505394,720,TN,37363,291585.29,0.0325,1283.9,0.0,C,360,05/14/2020,353,0.0,370000,78.81,SFH,OO,1
32641,1469150914,720,NJ,8840,294427.45,0.02375,1982.76,0.0,C,180,09/23/2020,176,0.0,550000,53.53,SFH,OO,1
8487,1463464972,720,AZ,85024,156902.18,0.0325,914.6,0.0,C,240,03/30/2020,231,0.0,215000,72.98,SFH,OO,1
47037,1473104006,720,CO,80027,459380.17,0.0225,3043.25,0.0,C,180,11/06/2020,177,0.0,630000,72.92,SFH,OO,1
46183,1473094561,720,MO,65804,284083.53,0.025,1510.22,0.0,C,240,11/02/2020,239,0.0,360000,78.91,SFH,OO,1
50384,1473146338,720,GA,30184,178475.0,0.02875,1232.25,0.0,C,180,11/16/2020,178,0.0,225000,79.32,SFH,OO,1
51499,1473161154,720,OR,97477,349336.68,0.025,1382.92,67.08,C,360,11/19/2020,359,0.0,395000,88.44,SFH,OO,1
3228,1448964518,720,OH,43542,268615.82,0.0299,1987.49,0.0,C,180,10/28/2019,165,0.0,360000,74.62,SFH,OO,1
16340,1466693155,720,PA,17603,324108.57,0.0275,1345.56,0.0,C,360,06/19/2020,351,0.0,420000,77.17,SFH,OO,1
51504,1473161238,720,VA,22030,507958.69,0.025,2015.12,0.0,C,360,11/19/2020,357,0.0,850000,59.76,SFH,OO,1
50558,1473148318,720,MT,59019,182959.62,0.02875,857.72,0.0,C,300,11/19/2020,299,0.0,490000,37.34,SFH,OO,1
6297,1463429132,720,NC,28134,348411.53,0.02375,2403.68,30.31,C,180,03/26/2020,171,0.0,408150,85.36,SFH,OO,1
35345,1469183998,720,FL,32505,114241.89,0.02375,448.7,0.0,C,360,09/30/2020,355,0.0,190000,60.13,SFH,OO,1
15161,1466678438,720,NV,89521,235645.13,0.03125,1346.1,0.0,C,240,06/05/2020,234,0.0,350000,67.33,SFH,OO,1
46217,1473094934,720,FL,32504,175756.83,0.02875,734.74,0.0,C,360,11/02/2020,357,0.0,275000,63.91,SFH,OO,1
28719,1469100612,720,WI,53217,206055.23,0.025,821.88,0.0,C,360,09/02/2020,355,0.0,340000,60.6,SFH,OO,1
26108,1469065617,720,CA,95148,621842.55,0.03125,2677.35,0.0,C,360,09/09/2020,357,0.0,950000,65.46,SFH,OO,1
22893,1466784657,720,OR,97504,361886.87,0.02375,2448.7,0.0,C,180,07/31/2020,175,0.0,580000,62.39,SFH,OO,1
16647,1466697081,720,GA,30135,156696.54,0.03125,897.4,0.0,C,240,06/22/2020,234,0.0,200000,78.35,SFH,OO,1
43615,1473062881,720,CA,95864,168768.25,0.0225,1127.54,0.0,C,180,10/29/2020,177,0.0,350000,48.22,SFH,OO,1
38240,1469220808,720,AR,72364,100952.49,0.02375,673.46,0.0,C,180,10/14/2020,178,0.0,146000,69.15,SFH,OO,1
20183,1466749247,720,AZ,85140,143821.56,0.03125,621.34,0.0,C,360,07/15/2020,355,0.0,230000,62.53,SFH,OO,1
43065,1473056628,720,AZ,85202,235687.31,0.03,997.09,55.18,C,360,10/26/2020,358,0.0,289999,81.27,SFH,OO,1
5951,1463424059,720,MI,48740,94601.87,0.0399,457.77,0.0,C,360,03/20/2020,351,0.0,125000,75.68,SFH,OO,1
47809,1473115085,720,ID,83274,128619.26,0.0275,526.02,0.0,C,360,11/09/2020,359,0.0,200000,64.31,SFH,OO,1
11290,1463507994,720,CO,80010,201498.58,0.035,916.95,0.0,C,360,05/14/2020,352,0.0,340000,59.26,SFH,OO,1
24019,1466800511,720,SC,29526,87193.59,0.0475,457.75,0.0,C,360,08/04/2020,355,0.0,117000,74.52,SFH,OO,1
47647,1473113254,720,WI,53593,329882.67,0.025,1305.87,239.61,C,360,11/09/2020,359,0.0,349000,94.52,SFH,OO,1
8728,1463468700,720,CA,93611,216030.41,0.03125,938.14,0.0,C,360,04/27/2020,352,0.0,282000,76.61,SFH,OO,1
24079,1466803127,720,CT,6850,336270.16,0.0275,1391.44,0.0,C,360,08/10/2020,353,0.0,545000,61.7,SFH,OO,1
17711,1466712997,720,NJ,7065,237861.34,0.02375,1625.87,0.0,C,180,06/30/2020,174,0.0,411500,57.8,SFH,OO,1
35431,1469185316,720,CA,94560,386422.1,0.02625,1569.65,0.0,C,360,09/29/2020,357,0.0,1260000,30.67,SFH,OO,1
10116,1463491058,720,WA,98029,467513.16,0.0325,2058.53,0.0,C,360,05/06/2020,353,0.0,875000,53.43,SFH,OO,1
23675,1466796479,720,TX,76052,296956.96,0.03125,1285.13,0.0,C,360,08/04/2020,354,0.0,470000,63.18,SFH,OO,1
38199,1469220337,720,VA,23323,334519.21,0.02875,1394.87,0.0,C,360,10/14/2020,358,0.0,490000,68.27,SFH,OO,1
46818,1473101564,720,CO,80238,507860.61,0.025,2699.85,0.0,C,240,11/04/2020,239,0.0,995000,51.04,SFH,OO,1
30458,1469124406,720,AZ,85704,325451.84,0.025,2200.4,0.0,C,180,09/14/2020,177,0.0,440000,73.97,SFH,OO,1
5457,1451515017,720,CA,95334,44856.03,0.025,876.71,0.0,C,120,04/13/2016,54,0.0,271000,16.55,SFH,OO,1
43945,1473066668,720,NC,27616,204127.73,0.02625,1385.74,0.0,C,180,10/27/2020,178,0.0,308000,66.28,SFH,OO,1
34158,1469170656,720,MD,21821,197901.44,0.0225,1321.8,0.0,C,180,09/25/2020,176,0.0,360500,54.9,SFH,OO,1
46506,1473098133,720,IN,46060,133241.02,0.0225,881.09,0.0,C,180,11/05/2020,178,0.0,184000,72.41,SFH,OO,1
11707,1463513992,720,CO,80017,227183.75,0.0325,1000.32,0.0,C,360,05/18/2020,353,0.0,400000,56.8,SFH,OO,1
29370,1469111791,720,CA,94564,242103.03,0.0225,1616.09,0.0,C,180,09/08/2020,177,0.0,550000,44.02,SFH,OO,1
6734,1463436012,720,WA,98037,381355.92,0.03125,2204.24,0.0,C,240,03/24/2020,231,0.0,750000,50.85,SFH,OO,1
42173,1473046504,720,TX,76262,368462.6,0.02625,1488.12,0.0,C,360,10/23/2020,357,0.0,747000,49.33,SFH,OO,1
24766,1466812664,720,MN,55407,210797.25,0.025,1136.64,21.45,C,240,08/12/2020,235,0.0,240000,87.83,SFH,OO,1
5237,1449012085,720,GA,30117,106350.34,0.0375,500.16,0.0,C,360,02/18/2020,350,0.0,136000,78.2,SFH,OO,1
20072,1466747761,720,CA,95032,258701.23,0.02875,1082.87,0.0,C,360,07/15/2020,355,0.0,999000,25.9,SFH,OO,1
39049,1469230567,720,NH,3246,234702.22,0.02625,947.9,0.0,C,360,10/16/2020,357,0.0,295000,79.56,SFH,OO,1
33153,1469158412,720,NV,89148,223762.74,0.02625,903.71,0.0,C,360,09/24/2020,357,0.0,315000,71.04,SFH,OO,1
31258,1469134116,720,NJ,7823,174085.13,0.0275,955.84,0.0,C,240,09/16/2020,236,0.0,275000,63.3,SFH,OO,1
6533,1463432862,720,MN,55346,310860.21,0.0275,1290.04,52.67,C,360,03/31/2020,351,0.0,365000,85.17,SFH,OO,1
6876,1463438125,720,MO,63026,193876.78,0.02375,1349.93,37.45,C,180,03/31/2020,170,0.0,215000,90.18,SFH,OO,1
7917,1463455426,720,TX,79935,191519.36,0.0299,818.51,0.0,C,360,04/22/2020,352,0.0,265000,72.27,SFH,OO,1
5385,1449014750,720,NV,89451,470854.91,0.03875,2247.73,0.0,C,360,02/24/2020,350,0.0,700000,67.26,SFH,OO,1
16532,1466695622,720,MI,49080,217205.55,0.03,927.53,0.0,C,360,06/22/2020,353,0.0,330000,65.82,SFH,OO,1
12111,1466633474,720,WI,53213,94827.18,0.025,942.7,0.0,C,120,05/21/2020,113,0.0,575000,16.49,SFH,OO,1
48514,1473123071,720,ID,83704,329421.47,0.02875,1369.15,0.0,C,360,11/13/2020,359,0.0,470000,70.09,SFH,OO,1
45347,1473083911,720,PA,15009,265711.4,0.02875,1120.21,0.0,C,360,10/28/2020,357,0.0,360000,73.81,SFH,OO,1
21209,1466762000,720,CA,90606,286547.36,0.0225,2794.12,0.0,C,120,07/23/2020,114,0.0,611000,46.9,SFH,OO,1
13449,1466653738,720,NJ,7026,212578.51,0.0275,1567.62,0.0,C,180,06/01/2020,168,0.0,370000,57.45,SFH,OO,1
1395,1440054631,720,FL,34609,80399.52,0.05125,457.37,0.0,C,360,03/28/2018,326,0.0,110000,73.09,SFH,OO,1
43528,1473061891,720,NC,28173,216286.16,0.025,2169.15,0.0,C,120,10/26/2020,115,0.0,350000,61.8,SFH,OO,1
40680,1469249278,720,LA,70119,380592.08,0.02625,1536.31,66.94,C,360,10/22/2020,358,0.0,430000,88.51,SFH,OO,1
39875,1469240004,720,TN,37066,201290.91,0.02875,838.08,0.0,C,360,10/19/2020,358,0.0,325000,61.94,SFH,OO,1
39592,1469236747,720,TN,37211,219244.0,0.03,927.53,0.0,C,360,10/16/2020,358,0.0,450000,48.72,SFH,OO,1
17605,1466711726,720,LA,70791,176967.5,0.025,1213.56,0.0,C,180,06/29/2020,174,0.0,350000,50.56,SFH,OO,1
3748,1448976470,720,PA,15401,59102.13,0.05375,335.98,0.0,C,360,11/18/2019,347,0.0,115000,51.39,SFH,OO,1
36984,1469205361,720,CA,95632,290000.0,0.03,1264.81,0.0,C,360,10/07/2020,340,0.0,490000,59.18,SFH,OO,1
7638,1463451227,720,SC,29680,188320.14,0.03625,871.05,0.0,C,360,04/15/2020,351,0.0,350000,53.81,SFH,OO,1
48414,1473121935,720,OR,97123,278692.07,0.025,1335.11,0.0,C,360,11/10/2020,274,0.0,425000,65.57,SFH,OO,1
48576,1473123824,720,CA,92610,591470.27,0.03,2497.95,0.0,C,360,11/10/2020,359,0.0,999999,59.15,SFH,OO,1
45954,1473091948,720,SC,29456,214638.89,0.03125,921.01,0.0,C,360,11/03/2020,359,0.0,283000,75.84,SFH,OO,1
14439,1466669809,720,WA,98584,205890.18,0.03125,891.02,0.0,C,360,06/09/2020,354,0.0,260000,79.19,SFH,OO,1
42422,1473049334,720,GA,31788,123249.5,0.02625,497.77,0.0,C,360,10/22/2020,357,0.0,191000,64.53,SFH,OO,1
44807,1473076402,720,NV,89086,172704.34,0.0275,1210.83,0.0,C,180,10/27/2020,173,0.0,250000,69.08,SFH,OO,1
4438,1448991107,720,ID,83318,305915.48,0.0375,1445.23,0.0,C,360,12/30/2019,348,0.0,550000,55.62,SFH,OO,1
35860,1469190779,720,IL,60031,250616.82,0.03,1060.25,0.0,C,360,10/05/2020,358,0.0,355000,70.6,SFH,OO,1
11506,1463511368,720,CO,81504,254383.55,0.03,1085.63,87.98,C,360,05/18/2020,353,0.0,290000,87.72,SFH,OO,1
12558,1466639711,720,OK,74008,255410.26,0.02625,1782.63,0.0,C,180,05/26/2020,173,0.0,400000,63.85,SFH,OO,1
51663,1473169041,720,MA,1803,649858.74,0.02875,2700.95,0.0,C,360,11/18/2020,359,0.0,999999,64.99,SFH,OO,1
42964,1473055539,720,TX,77573,288583.39,0.02875,1201.53,0.0,C,360,10/27/2020,358,0.0,362000,79.72,SFH,OO,1
33713,1469164840,720,VA,23169,157945.35,0.0325,691.98,0.0,C,360,09/25/2020,356,0.0,200000,78.97,SFH,OO,1
8169,1463459030,720,VA,20112,271774.1,0.025,1881.68,0.0,C,180,04/22/2020,172,0.0,393000,69.15,SFH,OO,1
50369,1473146171,720,VA,20152,560938.29,0.02625,2261.29,0.0,C,360,11/16/2020,358,0.0,711000,78.89,SFH,OO,1
36828,1469203655,720,CA,94509,307527.57,0.035,1385.3,0.0,C,360,10/08/2020,358,0.0,400000,76.88,SFH,OO,1
18336,1466720784,720,OK,73107,166168.53,0.0275,1159.3,0.0,C,180,07/01/2020,174,0.0,275000,60.42,SFH,OO,1
48592,1473124046,720,WI,54235,285523.73,0.02875,1963.39,0.0,C,180,11/09/2020,179,0.0,582000,49.06,SFH,OO,1
41142,1469254559,720,CA,94553,342583.96,0.025,3277.73,0.0,C,120,10/22/2020,118,0.0,600000,57.1,SFH,OO,1
48156,1473119012,720,OR,97223,381054.02,0.02375,2002.62,0.0,C,240,11/09/2020,239,0.0,560000,68.05,SFH,OO,1
23955,1466799770,720,CT,6111,120111.15,0.0225,815.58,0.0,C,180,08/06/2020,176,0.0,250000,48.04,SFH,OO,1
4598,1448995223,720,FL,33155,455253.15,0.035,3462.53,0.0,C,180,12/27/2019,168,0.0,670000,67.95,SFH,OO,1
16400,1466693940,720,NV,89436,195172.73,0.02875,1096.17,0.0,C,240,06/19/2020,237,0.0,350000,55.76,SFH,OO,1
20391,1466751714,720,MD,21162,218361.55,0.0275,1021.64,0.0,C,300,07/17/2020,294,0.0,320000,68.24,SFH,OO,1
49943,1473141172,720,CA,92708,446905.16,0.02875,1857.43,0.0,C,360,11/16/2020,359,0.0,820000,54.5,SFH,OO,1
31030,1469131419,720,CA,94598,553130.47,0.03,2344.12,0.0,C,360,09/16/2020,357,0.0,835000,66.24,SFH,OO,1
24806,1466813167,720,OH,44067,164793.05,0.0225,1100.17,0.0,C,180,08/12/2020,176,0.0,280000,58.85,SFH,OO,1
21817,1466769682,720,TX,77586,155191.39,0.0275,639.31,0.0,C,360,07/27/2020,355,0.0,261000,59.46,SFH,OO,1
48146,1473118881,720,TX,78249,220209.68,0.02875,1514.26,0.0,C,180,11/09/2020,179,0.0,323000,68.18,SFH,OO,1
42066,1473045290,720,OH,44708,341137.38,0.0225,2266.59,106.68,C,180,10/26/2020,177,0.0,400000,85.28,SFH,OO,1
5632,1463416444,720,GA,30067,176674.42,0.03375,794.0,0.0,C,360,02/27/2020,350,0.0,325000,54.36,SFH,OO,1
37126,1469206971,720,IL,60008,238106.23,0.025,944.34,105.56,C,360,10/06/2020,358,0.0,259000,91.93,SFH,OO,1
21711,1466768403,720,GA,30341,212001.62,0.035,959.58,0.0,C,360,07/27/2020,355,0.0,308000,68.83,SFH,OO,1
2920,1448958676,720,RI,2893,184886.24,0.0325,826.89,0.0,C,360,09/30/2019,345,0.0,272000,67.97,SFH,OO,1
26674,1469072365,720,NJ,7928,560244.03,0.0275,2303.7,0.0,C,360,08/24/2020,356,0.0,947254,59.14,SFH,OO,1
28422,1469096968,720,MO,64079,297409.91,0.03,1264.81,0.0,C,360,09/01/2020,355,0.0,386000,77.05,SFH,OO,1
7556,1463450088,720,TN,38017,337991.38,0.03125,1498.89,0.0,C,360,04/13/2020,351,0.0,580000,58.27,SFH,OO,1
5132,1449008844,720,TN,37055,151104.19,0.03625,700.04,0.0,C,360,02/12/2020,350,0.0,199000,75.93,SFH,OO,1
46835,1473101747,720,MI,48322,189546.68,0.03125,1073.2,0.0,C,240,11/04/2020,237,0.0,310000,61.14,SFH,OO,1
27009,1469076259,720,MN,56573,115098.23,0.0225,776.93,0.0,C,180,08/25/2020,175,0.0,250000,46.04,SFH,OO,1
49800,1473139564,720,FL,32223,179368.12,0.02875,746.81,0.0,C,360,11/16/2020,358,0.0,225000,79.72,SFH,OO,1
9755,1463486173,720,NJ,7821,213258.28,0.03375,959.35,0.0,C,360,05/05/2020,353,0.0,277000,76.99,SFH,OO,1
21504,1466765763,720,FL,33614,114657.63,0.025,786.81,0.0,C,180,07/24/2020,174,0.0,209000,54.86,SFH,OO,1
51112,1473155164,720,CA,91377,305597.46,0.02875,1435.95,0.0,C,300,11/17/2020,298,0.0,600000,50.93,SFH,OO,1
392,1440022398,720,LA,70001,114093.55,0.04625,633.68,27.73,C,360,09/06/2016,308,0.0,146000,78.15,SFH,OO,2
45440,1473084984,720,FL,33458,479227.94,0.03375,2122.06,0.0,C,360,11/02/2020,359,0.0,605000,79.21,SFH,OO,1
51563,1473162970,720,NJ,7746,338903.95,0.02875,1410.63,0.0,C,360,11/18/2020,359,0.0,435000,77.91,SFH,OO,1
21843,1466769971,720,WA,98329,161594.44,0.03,687.21,0.0,C,360,07/27/2020,355,0.0,295000,54.78,SFH,OO,1
28163,1469091001,720,TN,37828,216962.28,0.02875,906.54,61.91,C,360,08/26/2020,356,0.0,232000,93.52,SFH,OO,1
51583,1473164356,720,NJ,8540,335151.02,0.02375,2225.39,0.0,C,180,11/18/2020,179,0.0,565000,59.32,SFH,OO,1
48078,1473118105,720,GA,30041,423563.35,0.025,1676.72,0.0,C,360,11/09/2020,359,0.0,640000,66.18,SFH,OO,1
43228,1473058434,720,IL,60586,229681.41,0.0225,1519.8,0.0,C,180,10/28/2020,178,0.0,290000,79.2,SFH,OO,1
50295,1473145306,720,MN,55419,508326.08,0.0275,2078.92,0.0,C,360,11/16/2020,359,0.0,729000,69.73,SFH,OO,1
47991,1473117149,720,NC,27616,174685.62,0.0275,714.42,0.0,C,360,11/09/2020,359,0.0,244000,71.59,SFH,OO,1
50768,1473150678,720,CA,90220,204200.81,0.0225,783.6,0.0,C,360,11/16/2020,358,0.0,400000,51.05,SFH,OO,1
7832,1463454080,720,FL,33196,333863.34,0.0299,1425.56,0.0,C,360,04/15/2020,352,0.0,423200,78.89,SFH,OO,1
30042,1469119703,720,VA,20176,268807.05,0.025,1068.11,0.0,C,360,09/08/2020,357,0.0,475000,56.59,SFH,OO,1
34618,1469175937,720,NV,89131,506574.6,0.025,2016.7,0.0,C,360,09/30/2020,356,0.0,875000,57.89,SFH,OO,1
21542,1466766274,720,GA,30030,301182.74,0.02875,1260.69,0.0,C,360,07/24/2020,355,0.0,778000,38.71,SFH,OO,1
8103,1463458081,720,FL,33525,219418.59,0.03,938.07,0.0,C,360,04/20/2020,352,0.0,305000,71.94,SFH,OO,1
11072,1463505121,720,CA,90260,437256.67,0.03125,1895.56,0.0,C,360,05/13/2020,353,0.0,590000,74.11,SFH,OO,1
13957,1466660204,720,LA,70401,400577.39,0.03,1964.89,0.0,C,300,06/03/2020,293,0.0,750000,53.41,SFH,OO,1
27876,1469087660,720,CA,94534,325541.67,0.025,1296.0,0.0,C,360,08/31/2020,356,0.0,480000,67.82,SFH,OO,1
6128,1463426526,720,TN,38135,185128.31,0.03125,805.35,0.0,C,360,03/24/2020,351,0.0,237000,78.11,SFH,OO,1
6795,1463436905,720,SC,29715,361740.09,0.02375,2495.64,0.0,C,180,03/31/2020,171,0.0,600000,60.29,SFH,OO,1
29563,1469114142,720,NH,3102,238783.79,0.03125,1355.64,0.0,C,240,09/03/2020,236,0.0,365000,65.42,SFH,OO,3
49046,1473129177,720,WV,26501,198827.38,0.025,787.08,0.0,C,360,11/10/2020,359,0.0,249000,79.85,SFH,OO,1
22751,1466782792,720,NJ,7059,757396.21,0.02875,3176.0,0.0,C,360,07/29/2020,354,0.0,979450,77.33,SFH,OO,1
24828,1466813423,720,PA,19130,506486.13,0.03,2150.18,0.0,C,360,08/13/2020,356,0.0,710000,71.34,SFH,OO,1
4328,1448989366,720,OK,73099,107149.27,0.03625,650.91,0.0,C,240,12/23/2019,228,0.0,195000,54.95,SFH,OO,1
5275,1449012796,720,OH,44060,149175.82,0.0325,660.21,0.0,C,360,02/19/2020,350,0.0,240000,62.16,SFH,OO,1
13329,1466652177,720,GA,30004,247056.08,0.02625,1728.81,0.0,C,180,06/01/2020,173,0.0,543000,45.5,SFH,OO,1
3617,1448974368,720,IL,60645,120900.82,0.03625,922.93,0.0,C,180,11/15/2019,167,0.0,165000,73.27,SFH,OO,1
28340,1469093239,720,OH,45255,144109.27,0.035,653.96,0.0,C,360,08/27/2020,356,0.0,225000,64.05,SFH,OO,1
28393,1469096596,720,VA,22043,341475.0,0.02625,1381.68,0.0,C,360,09/01/2020,356,0.0,675000,50.59,SFH,OO,1
14852,1466674825,720,AZ,85143,144398.8,0.03375,646.79,0.0,C,360,06/08/2020,352,0.0,249000,57.99,SFH,OO,1
894,1440042305,720,GA,30060,65700.31,0.03625,608.19,0.0,C,180,03/15/2017,133,0.0,99400,66.1,SFH,OO,1
24950,1466814868,720,MI,48091,134176.23,0.035,606.35,0.0,C,360,08/13/2020,356,0.0,175000,76.67,SFH,OO,1
25614,1466822788,720,CA,95667,500826.92,0.0225,3343.55,0.0,C,180,08/14/2020,176,0.0,885000,56.59,SFH,OO,1
29380,1469111916,720,CA,93036,636172.59,0.02875,2665.89,74.96,C,360,09/08/2020,356,0.0,778000,81.77,SFH,OO,1
33223,1469159170,720,WV,26807,103984.94,0.025,556.4,0.0,C,240,09/23/2020,237,0.0,244000,42.62,SFH,OO,1
615,1440030334,720,CO,80130,79806.81,0.035,718.47,0.0,C,360,10/17/2016,133,0.0,425000,18.78,SFH,OO,1
21726,1466768601,720,TX,78132,339173.94,0.0325,1488.41,0.0,C,360,07/27/2020,355,0.0,502000,67.56,SFH,OO,1
683,1440033429,720,NV,89521,260441.04,0.035,1275.29,0.0,C,360,11/07/2016,311,0.0,400000,65.11,SFH,OO,1
40251,1469244394,720,LA,70592,418529.38,0.0275,1718.7,0.0,C,360,10/19/2020,358,0.0,602500,69.47,SFH,OO,1
16898,1466700265,720,CA,93291,400825.63,0.0275,2795.92,0.0,C,180,06/23/2020,174,0.0,850000,47.16,SFH,OO,1
6629,1463434272,720,GA,30354,95521.24,0.03375,481.14,0.0,C,300,03/30/2020,291,0.0,160000,59.7,SFH,OO,1
2714,1448953321,720,MT,59501,124399.14,0.04,623.03,103.31,C,360,08/30/2019,336,0.0,145000,85.79,SFH,OO,1
41293,1469256190,720,GA,30307,266483.89,0.025,1801.72,0.0,C,180,10/22/2020,177,0.0,417600,63.81,SFH,OO,1
9293,1463478618,720,NC,27613,210909.03,0.025,1460.27,0.0,C,180,04/30/2020,172,0.0,565000,37.33,SFH,OO,1
18466,1466725155,720,ME,4240,132007.63,0.02875,626.3,98.19,C,300,07/01/2020,294,0.0,143000,92.31,SFH,OO,1
24415,1466807359,720,WA,98367,358616.81,0.0325,1571.09,0.0,C,360,08/11/2020,356,0.0,495000,72.45,SFH,OO,1
39784,1469238941,720,CA,92692,357490.11,0.0225,2363.99,0.0,C,180,10/19/2020,178,0.0,910000,39.28,SFH,OO,1
47565,1473112272,720,CA,90248,446427.34,0.02875,1858.72,0.0,C,360,11/09/2020,358,0.0,765000,58.36,SFH,OO,1
23263,1466789458,720,MA,2343,272791.49,0.03,1308.35,0.0,C,300,07/31/2020,295,0.0,440000,62.0,SFH,OO,1
11437,1463510345,720,TX,78730,391001.77,0.0275,1616.64,0.0,C,360,05/18/2020,353,0.0,510000,76.67,SFH,OO,1
47604,1473112710,720,FL,33913,190382.44,0.0275,1306.73,0.0,C,180,11/05/2020,178,0.0,345000,55.18,SFH,OO,1
21821,1466769732,720,IL,60402,187946.82,0.0275,775.66,0.0,C,360,07/27/2020,354,0.0,290000,64.81,SFH,OO,1
2918,1448958643,720,MI,49648,116267.06,0.03375,885.95,0.0,C,180,09/26/2019,164,0.0,189000,61.52,SFH,OO,1
5571,1451518375,720,LA,71292,142325.15,0.035,667.95,21.07,C,360,02/27/2020,330,0.0,175000,81.33,SFH,OO,1
18493,1466725452,720,NC,27539,233984.22,0.02375,2276.97,0.0,C,120,07/02/2020,115,0.0,400000,58.5,SFH,OO,1
12913,1466646765,720,FL,32955,247990.18,0.0275,1028.77,0.0,C,360,05/27/2020,352,0.0,320000,77.5,SFH,OO,1
38074,1469218950,720,TN,37216,488279.92,0.02875,2032.97,0.0,C,360,10/13/2020,358,0.0,800000,61.03,SFH,OO,1
11803,1466629217,720,CA,95401,283773.47,0.03,1211.06,0.0,C,360,05/20/2020,353,0.0,550000,51.6,SFH,OO,1
30620,1469126229,720,MA,1062,325788.1,0.02625,1768.84,0.0,C,240,09/14/2020,236,0.0,550000,59.23,SFH,OO,1
42773,1473053294,720,MO,65721,193365.18,0.025,766.89,0.0,C,360,10/26/2020,358,0.0,330000,58.6,SFH,OO,1
31506,1469138091,720,PA,19002,364111.9,0.02625,1668.33,0.0,C,300,09/18/2020,297,0.0,575000,63.32,SFH,OO,1
41484,1469258279,720,MI,48070,150042.88,0.0225,1438.97,0.0,C,120,10/23/2020,117,0.0,560000,26.79,SFH,OO,1
9922,1463488336,720,CA,95821,186170.12,0.02875,782.07,0.0,C,360,05/04/2020,353,0.0,340000,54.76,SFH,OO,1
13458,1466653852,720,WA,98422,426596.57,0.02875,1808.93,0.0,C,360,06/01/2020,345,0.0,725000,58.84,SFH,OO,1
35253,1469183048,720,WA,98031,259084.24,0.02625,1048.31,0.0,C,360,09/29/2020,356,0.0,440000,58.88,SFH,OO,1
46057,1473093191,720,MA,1740,429322.04,0.02625,1730.71,0.0,C,360,10/30/2020,358,0.0,620000,69.25,SFH,OO,1
35403,1469184996,720,FL,33578,213494.41,0.025,848.32,0.0,C,360,09/30/2020,357,0.0,290000,73.62,SFH,OO,1
25578,1466822390,720,VA,22003,265395.88,0.025,1056.55,0.0,C,360,08/18/2020,356,0.0,753000,35.25,SFH,OO,1
17363,1466708573,720,CA,93461,179342.87,0.0275,743.0,0.0,C,360,06/25/2020,354,0.0,280000,64.05,SFH,OO,1
43268,1473058889,720,UT,84020,359351.11,0.025,1425.2,0.0,C,360,10/27/2020,358,0.0,483000,74.4,SFH,OO,1
26591,1469071458,720,CA,91104,500932.56,0.025,3403.29,0.0,C,180,08/24/2020,176,0.0,800000,62.62,SFH,OO,1
3371,1448966836,720,SC,29577,247018.58,0.0325,1858.56,0.0,C,180,10/29/2019,165,0.0,389000,63.5,SFH,OO,1
46803,1473101374,720,MN,55047,227221.64,0.02375,2145.79,0.0,C,120,11/05/2020,119,0.0,600000,37.87,SFH,OO,1
18662,1466727565,720,FL,34974,118221.73,0.0275,489.89,0.0,C,360,07/02/2020,354,0.0,350000,33.78,SFH,OO,1
25909,1466827423,720,WA,98166,397477.03,0.02375,2676.73,0.0,C,180,08/19/2020,176,0.0,800000,49.68,SFH,OO,1
39714,1469238115,720,GA,30809,136955.93,0.0225,905.65,0.0,C,180,10/19/2020,178,0.0,235000,58.28,SFH,OO,1
4850,1449001468,720,TN,37753,182946.87,0.03875,880.28,0.0,C,360,01/24/2020,344,0.0,234000,78.18,SFH,OO,1
38133,1469219628,720,UT,84078,333935.37,0.0225,1284.35,0.0,C,360,10/14/2020,357,0.0,450000,74.21,SFH,OO,1
7910,1463455319,720,TX,77429,120174.49,0.04,923.13,0.0,C,180,04/10/2020,171,0.0,156000,77.03,SFH,OO,1
3191,1448963940,720,MD,20764,138828.4,0.025,1000.18,0.0,C,180,10/18/2019,165,0.0,325000,42.72,SFH,OO,1
441,1440024980,720,CA,95630,188688.81,0.035,1347.13,0.0,C,360,09/21/2016,264,0.0,514000,36.71,SFH,OO,1
30891,1469129835,720,VA,20175,307336.17,0.0275,1261.47,0.0,C,360,09/17/2020,357,0.0,433000,70.98,SFH,OO,1
46922,1473102737,720,MD,21793,350215.27,0.0275,1432.93,0.0,C,360,11/06/2020,359,0.0,469900,74.53,SFH,OO,1
4545,1448994374,720,OH,45365,156966.86,0.0375,740.98,46.67,C,360,01/06/2020,348,0.0,170000,92.33,SFH,OO,1
43896,1473066122,720,SC,29414,215175.2,0.02375,839.49,0.0,C,360,10/28/2020,358,0.0,270000,79.69,SFH,OO,1
4227,1448986255,720,MD,21043,430074.94,0.0375,2052.07,0.0,C,360,12/19/2019,348,0.0,686000,62.69,SFH,OO,1
1457,1440056156,720,MT,59425,81554.51,0.04875,449.83,0.0,C,360,05/22/2018,329,0.0,145200,56.17,SFH,OO,1
34816,1469178154,720,FL,34984,203513.05,0.0275,836.89,0.0,C,360,09/30/2020,356,0.0,270000,75.38,SFH,OO,1
34906,1469179137,720,MI,48025,210575.09,0.02875,959.76,0.0,C,360,09/30/2020,308,0.0,386000,54.55,SFH,OO,1
27173,1469079246,720,UT,84095,373846.49,0.025,1693.47,0.0,C,300,08/27/2020,296,0.0,650000,57.51,SFH,OO,1
2268,1448941185,720,AR,72088,146516.79,0.0425,739.68,15.04,C,360,06/28/2019,342,0.0,189500,77.32,SFH,OO,1
50730,1473150256,720,OR,97301,199086.84,0.03,843.21,0.0,C,360,11/19/2020,358,0.0,300000,66.36,SFH,OO,1
498,1440027140,720,AZ,85335,94513.04,0.0375,477.47,0.0,C,360,10/04/2016,309,0.0,180000,52.51,SFH,OO,1
3662,1448974988,720,CA,95354,162357.17,0.05,885.76,0.0,C,360,11/14/2019,347,0.0,220000,73.8,SFH,OO,1
30457,1469124398,720,IL,60056,487100.08,0.02625,3322.01,0.0,C,180,09/14/2020,177,0.0,720000,67.65,SFH,OO,1
13738,1466657432,720,FL,34238,442744.98,0.0325,1998.9,0.0,C,360,06/02/2020,345,0.0,640300,69.15,SFH,OO,1
11652,1463513307,720,PA,19014,291670.06,0.02375,1992.68,0.0,C,180,05/18/2020,173,0.0,500000,58.33,SFH,OO,1
50755,1473150538,720,PA,18925,402523.89,0.0275,1646.22,0.0,C,360,11/17/2020,359,0.0,675000,59.63,SFH,OO,1
36864,1469204042,720,FL,32570,146454.19,0.025,584.78,0.0,C,360,10/07/2020,357,0.0,190000,77.08,SFH,OO,1
12969,1466647532,720,MT,59101,149445.68,0.03125,648.99,0.0,C,360,05/27/2020,352,0.0,241000,62.01,SFH,OO,1
44595,1473073995,720,MT,59601,205294.51,0.0225,787.8,0.0,C,360,10/30/2020,358,0.0,330000,62.21,SFH,OO,1
14212,1466663281,720,TN,37727,163396.78,0.02875,913.02,0.0,C,240,06/04/2020,234,0.0,352000,46.42,SFH,OO,1
25832,1466826599,720,ID,83709,297250.73,0.03,1261.92,0.0,C,360,08/20/2020,356,0.0,450000,66.06,SFH,OO,1
46033,1473092888,720,AZ,86303,199312.72,0.03,843.21,0.0,C,360,10/30/2020,358,0.0,334000,59.67,SFH,OO,1
4879,1449001963,720,MI,48025,189825.52,0.0325,1470.58,0.0,C,180,01/29/2020,168,0.0,900000,21.09,SFH,OO,1
39600,1469236838,720,ME,3903,304308.99,0.0225,1167.76,0.0,C,360,10/13/2020,358,0.0,440000,69.16,SFH,OO,1
33362,1469160772,720,PA,19006,185809.92,0.025,745.4,0.0,C,360,09/25/2020,357,0.0,360000,51.61,SFH,OO,1
25613,1466822770,720,MA,1778,177909.36,0.0225,1187.73,0.0,C,180,08/18/2020,176,0.0,550000,32.35,SFH,OO,1
31409,1469136970,720,CO,80104,484343.44,0.0325,2119.89,0.0,C,360,09/18/2020,357,0.0,775000,62.5,SFH,OO,1
12154,1466634035,720,CA,92646,151662.13,0.02375,1041.2,0.0,C,180,05/20/2020,172,0.0,900000,16.85,SFH,OO,1
33247,1469159436,720,PA,17074,136540.47,0.02875,589.56,0.0,C,360,09/22/2020,345,0.0,325000,42.01,SFH,OO,1
46221,1473094983,720,GA,30103,69376.25,0.02875,479.21,0.0,C,180,11/02/2020,178,0.0,150000,46.25,SFH,OO,1
13719,1466657192,720,FL,32836,367819.36,0.03125,1592.27,0.0,C,360,06/02/2020,354,0.0,531000,69.27,SFH,OO,1
49562,1473136883,720,MO,64030,111496.61,0.0275,760.06,0.0,C,180,11/12/2020,179,0.0,150000,74.33,SFH,OO,1
4222,1448986164,720,ID,83801,255409.94,0.03625,1187.1,0.0,C,360,12/17/2019,348,0.0,460000,55.52,SFH,OO,1
28110,1469090391,720,PA,19312,344505.88,0.0275,1416.6,0.0,C,360,08/31/2020,356,0.0,650000,53.0,SFH,OO,1
27997,1469089005,720,MA,1844,245361.0,0.02875,1025.2,0.0,C,360,08/31/2020,356,0.0,645000,38.04,SFH,OO,1
40263,1469244535,720,TN,38469,192030.93,0.02875,902.73,0.0,C,300,10/20/2020,298,0.0,297000,64.66,SFH,OO,1
36918,1469204638,720,CA,93619,403729.28,0.025,2720.5,0.0,C,180,10/08/2020,178,0.0,510000,79.16,SFH,OO,1
36259,1469195935,720,WA,98074,336185.59,0.02875,1402.34,0.0,C,360,10/05/2020,357,0.0,950000,35.39,SFH,OO,1
49282,1473131934,720,MD,21783,342792.43,0.02875,1427.23,0.0,C,360,11/10/2020,358,0.0,430000,79.72,SFH,OO,1
24127,1466803747,720,CA,94603,366712.1,0.0275,2538.04,0.0,C,180,08/10/2020,176,0.0,550000,66.67,SFH,OO,1
4985,1449005105,720,MN,55901,459297.65,0.03375,3418.35,0.0,C,180,01/31/2020,169,0.0,643000,71.43,SFH,OO,1
8327,1463461374,720,TX,76110,358433.68,0.025,2481.68,0.0,C,180,04/23/2020,172,0.0,650000,55.14,SFH,OO,1
43489,1473061412,720,NJ,7748,506946.01,0.02625,2043.64,0.0,C,360,10/26/2020,358,0.0,999999,50.69,SFH,OO,1
46857,1473101978,720,OK,74105,104815.92,0.02875,435.64,0.0,C,360,11/04/2020,359,0.0,150000,69.88,SFH,OO,1
7905,1463455251,720,TX,75230,250844.1,0.03125,1811.18,0.0,C,180,04/15/2020,172,0.0,533000,47.06,SFH,OO,1
23821,1466798210,720,WV,25213,268015.36,0.02875,1488.14,0.0,C,240,08/04/2020,236,0.0,375000,71.47,SFH,OO,1
